source_panel_thermal_name,case_key,snapshot_code,wind_code,equivalent_panel_count,ku_central_min_mm_per_C,ku_central_max_mm_per_C,ku_upper_mm_per_C,u_rms_central_min_mm_mean,u_rms_central_min_mm_p95,u_rms_central_min_mm_max,u_rms_central_max_mm_mean,u_rms_central_max_mm_p95,u_rms_central_max_mm_max,u_rms_central_mid_mm_mean,u_rms_central_mid_mm_p95,u_rms_central_mid_mm_max,u_rms_upper_mm_mean,u_rms_upper_mm_p95,u_rms_upper_mm_max,u_peak_to_peak_central_max_mm_mean,u_peak_to_peak_central_max_mm_p95,u_peak_to_peak_central_max_mm_max,u_peak_to_peak_upper_mm_mean,u_peak_to_peak_upper_mm_p95,u_peak_to_peak_upper_mm_max,u_max_abs_from_mean_central_max_mm_mean,u_max_abs_from_mean_central_max_mm_p95,u_max_abs_from_mean_central_max_mm_max,u_max_abs_from_mean_upper_mm_mean,u_max_abs_from_mean_upper_mm_p95,u_max_abs_from_mean_upper_mm_max,panels_u_rms_upper_ge_0p01_mm_count,panels_u_rms_upper_ge_0p01_mm_fraction,panels_u_rms_upper_ge_0p025_mm_count,panels_u_rms_upper_ge_0p025_mm_fraction,panels_u_rms_upper_ge_0p05_mm_count,panels_u_rms_upper_ge_0p05_mm_fraction,panels_u_rms_upper_ge_0p1_mm_count,panels_u_rms_upper_ge_0p1_mm_fraction,panels_u_rms_upper_ge_0p2_mm_count,panels_u_rms_upper_ge_0p2_mm_fraction,max_u_rms_upper_panel_id,max_u_rms_upper_panel_x_m,max_u_rms_upper_panel_y_m,max_u_rms_upper_panel_delta_rms_C,max_u_rms_upper_panel_u_rms_mm
panel_thermal_spring_equinox_axis_v00.csv,spring_equinox,axis,v00,3737,0.08,0.096,0.16,0.04366053218818631,0.12148192279239914,0.46096496843617685,0.05239263862582357,0.14577830735087896,0.5531579621234123,0.04802658540700493,0.13363011507163908,0.5070614652797946,0.08732106437637262,0.24296384558479828,0.9219299368723537,0.14489111688788736,0.39514939550840583,1.2510820223105583,0.24148519481314554,0.658582325847343,2.0851367038509308,0.08087022028985871,0.2344855593001067,0.7136130511861782,0.13478370048309787,0.39080926550017786,1.1893550853102972,3625,0.9700294353759701,3465,0.9272143430559272,2453,0.6564088841316564,965,0.2582285255552582,351,0.09392560877709392,P_0031_0047,-2.3355,10.192500000000004,5.762062105452211,0.9219299368723537
panel_thermal_spring_equinox_axis_v02.csv,spring_equinox,axis,v02,3737,0.08,0.096,0.16,0.030038799117059742,0.10073976092594054,0.40251606937530654,0.03604655894047169,0.12088771311112866,0.48301928325036786,0.03304267902876572,0.11081373701853461,0.4427676763128372,0.060077598234119484,0.2014795218518811,0.8050321387506131,0.0994861463491285,0.32824284766006456,1.0951617437202,0.16581024391521418,0.5470714127667742,1.825269572867,0.056185670535685836,0.20236968877918723,0.6217578593699439,0.09364278422614306,0.33728281463197873,1.0362630989499064,3547,0.9491570778699492,2670,0.7144768530907145,1265,0.3385068236553385,615,0.16457051110516457,191,0.051110516457051114,P_0031_0047,-2.3355,10.192500000000004,5.031450867191332,0.8050321387506131
panel_thermal_spring_equinox_axis_v05.csv,spring_equinox,axis,v05,3737,0.08,0.096,0.16,0.025644288485469333,0.09486330151454725,0.3720591221256666,0.030773146182563195,0.1138359618174567,0.44647094655079994,0.028208717334016264,0.10434963166600197,0.40926503433823325,0.051288576970938665,0.1897266030290945,0.7441182442513332,0.08464650002991003,0.31281177650871916,1.0097395641438072,0.1410775000498501,0.5213529608478653,1.682899273573012,0.04823593245806149,0.19074481501205956,0.584736438459104,0.08039322076343582,0.31790802502009924,0.9745607307651732,3420,0.9151725983409151,2183,0.5841584158415841,968,0.25903130853625905,522,0.13968423869413968,167,0.04468825260904469,P_0031_0047,-2.3355,10.192500000000004,4.650739026570832,0.7441182442513332
panel_thermal_spring_equinox_axis_v10.csv,spring_equinox,axis,v10,3737,0.08,0.096,0.16,0.022068399883600622,0.09000199309803222,0.34092482728547163,0.026482079860320747,0.10800239171763867,0.4091097927425659,0.02427523987196068,0.09900219240783545,0.3750173100140188,0.044136799767201244,0.18000398619606445,0.6818496545709433,0.0724524791791183,0.2902720606184745,0.9206516981651839,0.12075413196519716,0.48378676769745754,1.5344194969419733,0.04177988646775999,0.18552636098036698,0.5424618320354709,0.06963314411293332,0.309210601633945,0.9041030533924516,3228,0.8637944875568638,1741,0.46588172330746586,776,0.20765319775220764,411,0.10998126839710998,155,0.041477120685041474,P_0031_0047,-2.3355,10.192500000000004,4.261560341068395,0.6818496545709433
panel_thermal_spring_equinox_evening_v00.csv,spring_equinox,evening,v00,3737,0.08,0.096,0.16,0.02746620399280161,0.07262989135404505,0.7989403224312787,0.03295944479136193,0.08715586962485405,0.9587283869175345,0.030212824392081773,0.07989288048944955,0.8788343546744066,0.05493240798560322,0.1452597827080901,1.5978806448625573,0.0916290641837752,0.23640363578211396,2.3998669151583107,0.15271510697295868,0.3940060596368566,3.999778191930518,0.050770735353306645,0.13949329276836267,1.6962450126993738,0.08461789225551106,0.23248882128060447,2.827075021165623,3354,0.8975113727588975,2739,0.732940861653733,1163,0.3112122023013112,302,0.08081348675408082,134,0.03585763981803586,P_0066_0022,25.069500000000005,-9.3825,9.986754030390983,1.5978806448625573
panel_thermal_spring_equinox_evening_v02.csv,spring_equinox,evening,v02,3737,0.08,0.096,0.16,0.015748485795642725,0.04183535627026576,0.5695573448918038,0.018898182954771272,0.05020242752431891,0.6834688138701646,0.017323334375207,0.04601889189729234,0.6265130793809841,0.03149697159128545,0.08367071254053152,1.1391146897836075,0.05152528405952561,0.13996950048483703,1.4815952422715655,0.08587547343254266,0.2332825008080617,2.4693254037859425,0.028833290353216082,0.08193448437006952,1.111223509534256,0.0480554839220268,0.13655747395011586,1.8520391825570932,2622,0.7016323253947017,1515,0.40540540540540543,278,0.07439122290607439,169,0.04522344126304522,100,0.02675943270002676,P_0066_0022,25.069500000000005,-9.3825,7.119466811147547,1.1391146897836075
panel_thermal_spring_equinox_evening_v05.csv,spring_equinox,evening,v05,3737,0.08,0.096,0.16,0.012753541858033183,0.030601196601578874,0.4794850029033086,0.01530425022963982,0.03672143592189465,0.5753820034839703,0.014028896043836498,0.03366131626173676,0.5274335031936395,0.025507083716066366,0.06120239320315775,0.9589700058066172,0.041286470604906395,0.10335399199699065,1.2241563149066117,0.06881078434151064,0.17225665332831774,2.040260524844353,0.02327179229325471,0.06524348499415415,0.9182410799650894,0.038786320488757846,0.10873914165692357,1.5304017999418156,2467,0.6601552047096602,720,0.19266791544019266,211,0.05646240299705646,151,0.04040674337704041,88,0.02354830077602355,P_0066_0022,25.069500000000005,-9.3825,5.993562536291357,0.9589700058066172
panel_thermal_spring_equinox_evening_v10.csv,spring_equinox,evening,v10,3737,0.08,0.096,0.16,0.01057743414742618,0.02132555244463367,0.4031291761429464,0.01269292097691142,0.025590662933560406,0.4837550113715357,0.011635177562168801,0.02345810768909704,0.4434420937572411,0.02115486829485236,0.04265110488926734,0.8062583522858928,0.03380872393659092,0.07070495715583089,1.0158670894831725,0.05634787322765151,0.11784159525971816,1.6931118158052874,0.01917884783029986,0.043971528546511485,0.7649130706518964,0.0319647463838331,0.07328588091085249,1.2748551177531606,2326,0.6224244046026224,289,0.07733476050307733,177,0.04736419587904737,132,0.035322451164035325,81,0.021675140487021675,P_0066_0022,25.069500000000005,-9.3825,5.03911470178683,0.8062583522858928
panel_thermal_spring_equinox_morning_v00.csv,spring_equinox,morning,v00,3737,0.08,0.096,0.16,0.012113010752502967,0.016649762610532248,0.42518411024618713,0.01453561290300356,0.019979715132638697,0.5102209322954245,0.013324311827753264,0.01831473887158547,0.4677025212708058,0.024226021505005933,0.033299525221064497,0.8503682204923743,0.036883725508190655,0.05073440727326269,1.4455712107582788,0.06147287584698442,0.0845573454554378,2.4092853512637977,0.020746737283810514,0.02567567656411604,0.9641777788430799,0.03457789547301751,0.04279279427352673,1.6069629647384664,2215,0.5927214343055928,1054,0.28204442065828206,85,0.022745517795022745,84,0.02247792346802248,80,0.02140754616002141,P_0002_0046,-25.0425,9.4095,5.314801378077339,0.8503682204923743
panel_thermal_spring_equinox_morning_v02.csv,spring_equinox,morning,v02,3737,0.08,0.096,0.16,0.010067389231132947,0.013307420562912904,0.3450700317596111,0.012080867077359534,0.015968904675495485,0.4140840381115333,0.01107412815424624,0.014638162619204195,0.3795770349355722,0.020134778462265895,0.02661484112582581,0.6901400635192222,0.03074064478188508,0.040929707005469385,1.2060139184179244,0.05123440796980847,0.06821617834244897,2.010023197363207,0.017359547613246182,0.020760482840071627,0.8203306119606785,0.02893257935541031,0.034600804733452714,1.3672176866011307,2208,0.5908482740165909,426,0.113995183302114,85,0.022745517795022745,84,0.02247792346802248,75,0.02006957452502007,P_0006_0054,-21.9105,15.673500000000004,4.313375396995139,0.6901400635192222
panel_thermal_spring_equinox_morning_v05.csv,spring_equinox,morning,v05,3737,0.08,0.096,0.16,0.009095315613516758,0.011747976635220262,0.31436508160320215,0.010914378736220108,0.014097571962264315,0.37723809792384255,0.010004847174868433,0.01292277429874229,0.3458015897635224,0.018190631227033516,0.023495953270440524,0.6287301632064043,0.02778454303624856,0.036399295224279184,1.087700582497968,0.04630757172708094,0.060665492040465306,1.8128343041632797,0.015731151111442854,0.018436353147599536,0.7477524663947188,0.02621858518573809,0.030727255245999226,1.2462541106578646,2195,0.5873695477655874,97,0.025956649719025955,85,0.022745517795022745,84,0.02247792346802248,73,0.019534385871019536,P_0002_0045,-25.0425,8.6265,3.9295635200400265,0.6287301632064043
panel_thermal_spring_equinox_morning_v10.csv,spring_equinox,morning,v10,3737,0.08,0.096,0.16,0.008159671144539572,0.010281512118386052,0.2904264180970307,0.009791605373447485,0.012337814542063263,0.3485117017164368,0.008975638258993527,0.011309663330224658,0.31946905990673374,0.016319342289079143,0.020563024236772105,0.5808528361940614,0.024917971264556957,0.03209774478920553,0.9704663513341053,0.04152995210759493,0.05349624131534255,1.6174439188901755,0.014166115423606776,0.016294043857019384,0.6746030136129375,0.023610192372677957,0.027156739761698974,1.1243383560215625,2170,0.5806796895905807,88,0.02354830077602355,85,0.022745517795022745,83,0.02221032914102221,70,0.018731602890018732,P_0002_0045,-25.0425,8.6265,3.6303302262128834,0.5808528361940614
panel_thermal_spring_equinox_peak_v00.csv,spring_equinox,peak,v00,3737,0.08,0.096,0.16,0.04489676913517321,0.12175106172423618,0.4869222759548243,0.05387612296220784,0.1461012740690834,0.5843067311457891,0.049386446048690524,0.1339261678966598,0.5356145035503067,0.08979353827034642,0.24350212344847236,0.9738445519096486,0.14879375195995875,0.40160007849197626,1.3620200301536278,0.24798958659993126,0.6693334641532938,2.27003338358938,0.08262464167039722,0.23329941204345417,0.7604651877623422,0.1377077361173287,0.38883235340575695,1.2674419796039036,3647,0.975916510569976,3473,0.9293550976719294,2493,0.6671126572116671,1008,0.26973508161626975,363,0.09713674070109714,P_0034_0047,0.0135000000000005,10.192500000000004,6.086528449435304,0.9738445519096486
panel_thermal_spring_equinox_peak_v02.csv,spring_equinox,peak,v02,3737,0.08,0.096,0.16,0.027368023006276773,0.10893356536659088,0.36004068768405345,0.03284162760753213,0.13072027843990905,0.4320488252208642,0.030104825306904448,0.11982692190324996,0.39604475645245885,0.054736046012553545,0.21786713073318176,0.7200813753681069,0.09000688809095463,0.3439509515717955,1.240739462796284,0.15001148015159102,0.5732515859529925,2.0678991046604733,0.05192762992961445,0.21194275714165264,0.7728586033951368,0.08654604988269073,0.3532379285694211,1.288097672325228,3383,0.9052716082419052,2465,0.6596200160556597,908,0.242975648916243,522,0.13968423869413968,211,0.05646240299705646,P_0018_0045,-12.5145,8.6265,4.500508596050668,0.7200813753681069
panel_thermal_spring_equinox_peak_v05.csv,spring_equinox,peak,v05,3737,0.08,0.096,0.16,0.022940624757791725,0.10246229945416625,0.30664841267635123,0.02752874970935007,0.12295475934499951,0.36797809521162145,0.0252346872335709,0.11270852939958288,0.33731325394398637,0.04588124951558345,0.2049245989083325,0.6132968253527025,0.0747876229208408,0.32007548304706207,0.9098830277023042,0.12464603820140138,0.5334591384117702,1.5164717128371736,0.043726603354953916,0.20916156399709135,0.6033926304278845,0.07287767225825652,0.3486026066618189,1.005654384046474,3233,0.8651324591918651,1691,0.4525020069574525,667,0.17848541610917848,436,0.11667112657211667,190,0.050842922130050844,P_0017_0045,-13.2975,8.6265,3.8331051584543903,0.6132968253527025
panel_thermal_spring_equinox_peak_v10.csv,spring_equinox,peak,v10,3737,0.08,0.096,0.16,0.019394349032213636,0.09801850230967829,0.2405999957437323,0.023273218838656365,0.11762220277161393,0.28871999489247874,0.021333783935435,0.10782035254064612,0.2646599953181055,0.03878869806442727,0.19603700461935658,0.4811999914874646,0.06263364988406063,0.2980367463437669,0.8021446398185031,0.10438941647343439,0.49672791057294485,1.3369077330308385,0.037060565244375496,0.20000244405631296,0.4897174836449249,0.06176760874062581,0.3333374067605216,0.8161958060748749,3043,0.8142895370618143,1131,0.30264918383730266,538,0.14396574792614397,357,0.09553117473909553,182,0.048702167514048704,P_0031_0068,-2.3355,26.6355,3.0074999467966537,0.4811999914874646
panel_thermal_summer_solstice_axis_v00.csv,summer_solstice,axis,v00,3737,0.08,0.096,0.16,0.04695382465352381,0.12419694219092195,0.3914842249169802,0.05634458958422857,0.14903633062910634,0.46978106990037627,0.051649207118876196,0.13661663641001415,0.43063264740867824,0.09390764930704762,0.2483938843818439,0.7829684498339604,0.15373712546590262,0.37909978557022495,1.3102351127717702,0.25622854244317106,0.6318329759503749,2.1837251879529505,0.08565550670718762,0.22289394586114233,0.7887691361457546,0.1427591778453127,0.37148990976857055,1.314615226909591,3727,0.9973240567299974,3525,0.9432700026759433,2609,0.6981535991436981,1215,0.3251271073053251,349,0.09339042012309338,P_0029_0032,-3.901499999999999,-1.5524999999999984,4.893552811462253,0.7829684498339604
panel_thermal_summer_solstice_axis_v02.csv,summer_solstice,axis,v02,3737,0.08,0.096,0.16,0.03177739432899726,0.09881120896271697,0.33466253546592023,0.03813287319479671,0.11857345075526038,0.4015950425591043,0.03495513376189699,0.10869232985898868,0.3681287890125122,0.06355478865799452,0.19762241792543395,0.6693250709318405,0.10354914031215241,0.2988416876650917,1.1578856961502024,0.17258190052025404,0.4980694794418195,1.9298094935836707,0.057919870241753484,0.18211780830041224,0.6574686229993144,0.09653311706958916,0.30352968050068707,1.0957810383321909,3626,0.9702970297029703,2775,0.7425742574257426,1530,0.4094193203104094,652,0.17447150120417448,182,0.048702167514048704,P_0029_0032,-3.901499999999999,-1.5524999999999984,4.183281693324003,0.6693250709318405
panel_thermal_summer_solstice_axis_v05.csv,summer_solstice,axis,v05,3737,0.08,0.096,0.16,0.027032674680955063,0.09279992840845257,0.3028881710771821,0.03243920961714607,0.11135991409014308,0.3634658052926185,0.02973594214905057,0.10207992124929782,0.33317698818490027,0.054065349361910126,0.18559985681690513,0.6057763421543642,0.08785595122593705,0.27634602387912915,1.0653824201176976,0.14642658537656175,0.4605767064652153,1.7756373668628294,0.049292830751474566,0.16533948375025945,0.5839371475504181,0.08215471791912428,0.2755658062504324,0.9732285792506968,3509,0.938988493443939,2324,0.6218892159486219,1197,0.3203104094193203,518,0.13861386138613863,165,0.044153063955044154,P_0029_0032,-3.901499999999999,-1.5524999999999984,3.786102138464776,0.6057763421543642
panel_thermal_summer_solstice_axis_v10.csv,summer_solstice,axis,v10,3737,0.08,0.096,0.16,0.023284383282485922,0.09037939259432595,0.26983878660951094,0.027941259938983106,0.10845527111319116,0.32380654393141317,0.025612821610734512,0.09941733185375856,0.2968226652704621,0.046568766564971845,0.1807587851886519,0.5396775732190219,0.07541430742357061,0.25329598025858685,0.9649406560160114,0.12569051237261766,0.4221599670976447,1.6082344266933524,0.04253810107307445,0.15953816952247826,0.5070401923518061,0.07089683512179074,0.26589694920413043,0.8450669872530102,3310,0.8857372223708857,1906,0.5100347872625101,956,0.2558201766122558,418,0.11185442868611185,136,0.03639282847203639,P_0029_0032,-3.901499999999999,-1.5524999999999984,3.372984832618887,0.5396775732190219
panel_thermal_summer_solstice_evening_v00.csv,summer_solstice,evening,v00,3737,0.08,0.096,0.16,0.02623705536983952,0.07977860471845272,0.5696173420677576,0.03148446644380742,0.09573432566214327,0.6835408104813091,0.02886076090682347,0.08775646519029799,0.6265790762745334,0.05247411073967904,0.15955720943690543,1.1392346841355152,0.08716775084177039,0.27239346066565556,1.816599317629774,0.14527958473628397,0.4539891011094259,3.027665529382957,0.04851563093276229,0.15898471744452847,1.2936648266720585,0.08085938488793713,0.26497452907421415,2.156108044453431,3341,0.894032646507894,2580,0.6903933636606904,995,0.26625635536526626,342,0.09151725983409152,139,0.037195611453037195,P_0066_0022,25.069500000000005,-9.3825,7.12021677584697,1.1392346841355152
panel_thermal_summer_solstice_evening_v02.csv,summer_solstice,evening,v02,3737,0.08,0.096,0.16,0.016262042693149015,0.06015067997632011,0.3223680074444749,0.019514451231778814,0.07218081597158413,0.38684160893336994,0.017888246962463914,0.06616574797395212,0.3546048081889224,0.03252408538629803,0.12030135995264021,0.6447360148889498,0.05374005981655069,0.20419052000718735,1.0151107036922986,0.08956676636091782,0.3403175333453123,1.6918511728204977,0.029865037062644022,0.1164801353959787,0.6540927665457634,0.04977506177107337,0.19413355899329784,1.0901546109096056,2574,0.6887877976986888,1435,0.383997859245384,332,0.08884131656408883,214,0.05726518597805726,113,0.03023815895103024,P_0066_0022,25.069500000000005,-9.3825,4.029600093055937,0.6447360148889498
panel_thermal_summer_solstice_evening_v05.csv,summer_solstice,evening,v05,3737,0.08,0.096,0.16,0.013613639018926245,0.05093281812153171,0.29872496950436384,0.016336366822711494,0.06111938174583805,0.3584699634052366,0.014975002920818867,0.05602609993368488,0.32859746645480026,0.02722727803785249,0.10186563624306343,0.5974499390087277,0.044933720884274,0.1721504456386854,0.9486774645983186,0.07488953480712333,0.28691740939780896,1.5811291076638643,0.02505231548788879,0.10014727340810102,0.6268528343528085,0.04175385914648132,0.16691212234683503,1.0447547239213475,2425,0.6489162429756489,707,0.1891891891891892,266,0.07118009098207118,189,0.050575327803050574,110,0.029435375970029435,P_0068_0030,26.6355,-3.1184999999999974,3.734062118804548,0.5974499390087277
panel_thermal_summer_solstice_evening_v10.csv,summer_solstice,evening,v10,3737,0.08,0.096,0.16,0.011590244709343231,0.04282201053049244,0.27285176202315614,0.013908293651211878,0.05138641263659094,0.32742211442778735,0.012749269180277552,0.04710421158354169,0.3001369382254717,0.023180489418686463,0.08564402106098488,0.5457035240463123,0.03810842849985159,0.14046607276783757,0.8726370599629699,0.06351404749975265,0.23411012127972924,1.4543950999382833,0.021438620599390768,0.08249056973452355,0.5940475090368984,0.035731034332317946,0.13748428289087258,0.990079181728164,2293,0.6135937918116136,342,0.09151725983409152,231,0.06181428953706181,174,0.046561412898046564,101,0.02702702702702703,P_0068_0030,26.6355,-3.1184999999999974,3.4106470252894514,0.5457035240463123
panel_thermal_summer_solstice_morning_v00.csv,summer_solstice,morning,v00,3737,0.08,0.096,0.16,0.013701103715057937,0.018191212547982394,0.41988850047899284,0.016441324458069524,0.021829455057578873,0.5038662005747914,0.015071214086563731,0.020010333802780635,0.4618773505268921,0.027402207430115875,0.03638242509596479,0.8397770009579857,0.045766679165359654,0.06253894398045595,1.4676798061057525,0.07627779860893276,0.10423157330075991,2.446133010176254,0.02516762736109407,0.03171227701887155,0.7891569722319949,0.04194604560182345,0.05285379503145258,1.315261620386658,2223,0.5948621889215948,1670,0.4468825260904469,121,0.03237891356703238,119,0.03184372491303184,105,0.0280974043350281,P_0002_0023,-25.0425,-8.599499999999999,5.2486062559874105,0.8397770009579857
panel_thermal_summer_solstice_morning_v02.csv,summer_solstice,morning,v02,3737,0.08,0.096,0.16,0.011152597673470972,0.01407914180658815,0.35193937136125847,0.013383117208165166,0.016894970167905782,0.42232724563351015,0.01226785744081807,0.015487055987246966,0.3871333084973843,0.022305195346941944,0.0281582836131763,0.7038787427225169,0.03692646411668468,0.04852832030020235,1.2265476096668408,0.061544106861141146,0.08088053383367058,2.0442460161114013,0.02046730315223584,0.024575588890059306,0.6313041373078832,0.03411217192039307,0.04095931481676551,1.0521735621798052,2215,0.5927214343055928,556,0.14878244581214878,121,0.03237891356703238,120,0.03211131924003211,95,0.025421461065025422,P_0002_0023,-25.0425,-8.599499999999999,4.399242142015731,0.7038787427225169
panel_thermal_summer_solstice_morning_v05.csv,summer_solstice,morning,v05,3737,0.08,0.096,0.16,0.010027007060651566,0.012250709578674149,0.3189169873399036,0.01203240847278188,0.014700851494408978,0.3827003848078843,0.011029707766716723,0.013475780536541563,0.3508086860738939,0.020054014121303133,0.024501419157348298,0.6378339746798072,0.03308358190253128,0.042235334552437775,1.1070661803357265,0.05513930317088546,0.07039222425406295,1.845110300559544,0.018412008840327027,0.02135143018328949,0.5942947088074316,0.030686681400545052,0.03558571697214915,0.9904911813457193,2204,0.5897778967085898,150,0.04013914905004014,121,0.03237891356703238,119,0.03184372491303184,89,0.023815895103023815,P_0002_0023,-25.0425,-8.599499999999999,3.986462341748795,0.6378339746798072
panel_thermal_summer_solstice_morning_v10.csv,summer_solstice,morning,v10,3737,0.08,0.096,0.16,0.008997315582429404,0.010562137126009792,0.28658271210413855,0.010796778698915285,0.01267456455121175,0.3438992545249663,0.009897047140672344,0.01161835083861077,0.3152409833145524,0.017994631164858808,0.021124274252019584,0.5731654242082771,0.029536616670420908,0.036307347046001075,0.9884008886992637,0.04922769445070152,0.060512245076668456,1.6473348144987727,0.016571071773218697,0.018344540292260708,0.5560087901748297,0.027618452955364494,0.030574233820434515,0.9266813169580496,2174,0.5817500668985818,125,0.03344929087503345,120,0.03211131924003211,117,0.03130853625903131,88,0.02354830077602355,P_0002_0023,-25.0425,-8.599499999999999,3.582283901301732,0.5731654242082771
panel_thermal_summer_solstice_peak_v00.csv,summer_solstice,peak,v00,3737,0.08,0.096,0.16,0.049906182767684285,0.12461567566770664,0.39538855614174157,0.05988741932122115,0.14953881080124795,0.47446626737008984,0.05489680104445271,0.13707724323447731,0.4349274117559157,0.09981236553536857,0.24923135133541327,0.7907771122834831,0.16329577934575182,0.3897209486658744,1.2833344479049176,0.2721596322429198,0.6495349144431241,2.138890746508196,0.09166026034456311,0.23397597180924784,0.722956111101361,0.1527671005742718,0.38995995301541303,1.2049268518356018,3731,0.9983944340379984,3553,0.9507626438319507,2724,0.7289269467487289,1356,0.36285790741236285,407,0.10891089108910891,P_0047_0031,10.192500000000004,-2.3355,4.942356951771769,0.7907771122834831
panel_thermal_summer_solstice_peak_v02.csv,summer_solstice,peak,v02,3737,0.08,0.096,0.16,0.03097824239445862,0.10069568069979126,0.4289595183680298,0.03717389087335034,0.12083481683974953,0.5147514220416357,0.03407606663390449,0.1107652487697704,0.47185547020483276,0.06195648478891724,0.20139136139958252,0.8579190367360596,0.10102572938602628,0.3137307442071909,1.2270827473604622,0.1683762156433771,0.5228845736786514,2.045137912267437,0.057144654550964964,0.1915468840048116,0.7656811616494381,0.09524109091827493,0.319244806674686,1.2761352694157302,3604,0.9644099545089644,2743,0.734011238961734,1416,0.37891356703237894,627,0.1677816430291678,190,0.050842922130050844,P_0022_0031,-9.3825,-2.3355,5.361993979600372,0.8579190367360596
panel_thermal_summer_solstice_peak_v05.csv,summer_solstice,peak,v05,3737,0.08,0.096,0.16,0.026510063705044176,0.09539207159674261,0.39057862212948463,0.03181207644605301,0.11447048591609113,0.46869434655538156,0.02916107007554859,0.10493127875641686,0.42963648434243307,0.05302012741008835,0.19078414319348522,0.7811572442589693,0.08609477177728758,0.2826597278901638,1.106870438729042,0.14349128629547928,0.4710995464836063,1.8447840645484033,0.0489543398650555,0.18047049346936916,0.7008772342784246,0.08159056644175917,0.3007841557822819,1.1681287237973743,3489,0.9336366069039337,2294,0.6138613861386139,1088,0.29114262777629113,521,0.1394166443671394,170,0.04549103559004549,P_0022_0031,-9.3825,-2.3355,4.882232776618558,0.7811572442589693
panel_thermal_summer_solstice_peak_v10.csv,summer_solstice,peak,v10,3737,0.08,0.096,0.16,0.022896378040989766,0.09082893640844153,0.350862846012337,0.02747565364918772,0.10899472369012983,0.4210354152148044,0.025186015845088745,0.09991183004928568,0.3859491306135707,0.04579275608197953,0.18165787281688306,0.701725692024674,0.07394338054133688,0.2680029004799525,0.9867618270269648,0.12323896756889482,0.44667150079992085,1.6446030450449414,0.04242928224827596,0.171051961241889,0.6323256558037121,0.07071547041379327,0.285086602069815,1.053876093006187,3307,0.8849344393898849,1913,0.5119079475515119,868,0.23227187583623227,421,0.11265721166711266,153,0.04094193203104094,P_0022_0031,-9.3825,-2.3355,4.3857855751542125,0.701725692024674
panel_thermal_winter_solstice_axis_v00.csv,winter_solstice,axis,v00,3737,0.08,0.096,0.16,0.04062282355149083,0.16165594125225527,0.6148173596154043,0.048747388261788996,0.19398712950270633,0.7377808315384851,0.04468510590663991,0.1778215353774808,0.6762990955769447,0.08124564710298166,0.32331188250451054,1.2296347192308086,0.13607239924139292,0.5460297868713602,1.8541942291024789,0.22678733206898818,0.9100496447856002,3.0903237151707983,0.07530718374402494,0.3148137340602729,1.0495276150144832,0.1255119729067082,0.5246895567671215,1.7492126916908055,3243,0.8678084024618679,3045,0.8148247257158149,1679,0.4492908750334493,671,0.17955579341717956,417,0.11158683435911158,P_0028_0058,-4.6845,18.8055,7.685216995192553,1.2296347192308086
panel_thermal_winter_solstice_axis_v02.csv,winter_solstice,axis,v02,3737,0.08,0.096,0.16,0.027199364744517247,0.12656865399743317,0.45337674890321106,0.03263923769342069,0.15188238479691982,0.5440520986838533,0.029919301218968967,0.1392255193971765,0.49871442379353215,0.05439872948903449,0.25313730799486633,0.9067534978064221,0.09098882048497284,0.4195471295785846,1.4389383599260128,0.1516480341416214,0.6992452159643076,2.398230599876688,0.051511131860880084,0.25688540735551474,0.780372616180338,0.08585188643480011,0.4281423455925246,1.30062102696723,3154,0.843992507358844,2182,0.5838908215145839,738,0.1974846133261975,487,0.1303184372491303,269,0.07198287396307199,P_0028_0058,-4.6845,18.8055,5.667209361290138,0.9067534978064221
panel_thermal_winter_solstice_axis_v05.csv,winter_solstice,axis,v05,3737,0.08,0.096,0.16,0.022785804550562082,0.11464453530633503,0.3847594937999378,0.0273429654606745,0.13757344236760202,0.4617113925599253,0.02506438500561829,0.12610898883696853,0.42323544317993156,0.045571609101124164,0.22928907061267007,0.7695189875998756,0.07594631477649677,0.3645965952977709,1.2525845476799222,0.12657719129416128,0.6076609921629516,2.0876409127998703,0.04367530167936422,0.23727272229596272,0.657652641680083,0.07279216946560702,0.3954545371599379,1.0960877361334715,3043,0.8142895370618143,1540,0.4120952635804121,627,0.1677816430291678,396,0.10596735349210597,221,0.05913834626705914,P_0028_0058,-4.6845,18.8055,4.809493672499222,0.7695189875998756
panel_thermal_winter_solstice_axis_v10.csv,winter_solstice,axis,v10,3737,0.08,0.096,0.16,0.019243440515648778,0.1038530669610967,0.3245551703558847,0.023092128618778532,0.12462368035331604,0.38946620442706165,0.021167784567213657,0.11423837365720638,0.3570106873914732,0.038486881031297555,0.2077061339221934,0.6491103407117694,0.06377923304663294,0.33457681663550826,1.0815884214575853,0.10629872174438823,0.5576280277258471,1.8026473690959757,0.037257258625312054,0.21535614803611247,0.5544196373025563,0.06209543104218676,0.3589269133935208,0.9240327288375939,2885,0.772009633395772,1028,0.2750869681562751,520,0.13914905004013914,339,0.09071447685309071,200,0.05351886540005352,P_0029_0058,-3.901499999999999,18.8055,4.056939629448559,0.6491103407117694
panel_thermal_winter_solstice_evening_v00.csv,winter_solstice,evening,v00,3737,0.08,0.096,0.16,0.0340611226920437,0.1316356389382149,0.5979949342178795,0.04087334723045244,0.15796276672585788,0.7175939210614554,0.03746723496124806,0.1447992028320364,0.6577944276396674,0.0681222453840874,0.2632712778764298,1.195989868435759,0.11364021613390217,0.43002693456009466,2.0060946830012143,0.18940036022317028,0.7167115576001578,3.3434911383353576,0.06256036032542794,0.248704944316462,1.2824840544454357,0.1042672672090466,0.41450824052743673,2.137473424075726,3184,0.8520203371688521,2793,0.7473909553117474,1369,0.36633663366336633,412,0.11024886272411025,245,0.06556061011506556,P_0038_0068,3.145500000000002,26.6355,7.474936677723494,1.195989868435759
panel_thermal_winter_solstice_evening_v02.csv,winter_solstice,evening,v02,3737,0.08,0.096,0.16,0.020158938665737747,0.0708351243981094,0.45889861742851024,0.024190726398885296,0.0850021492777313,0.5506783409142123,0.02217483253231152,0.07791863683792034,0.5047884791713613,0.040317877331475495,0.1416702487962188,0.9177972348570205,0.06748539687261963,0.22742987482291016,1.3865987544907565,0.11247566145436606,0.3790497913715169,2.310997924151261,0.03774427734056884,0.13019599561404546,0.9335164275089721,0.06290712890094807,0.2169933260234091,1.5558607125149535,2708,0.7246454375167246,1725,0.4616002140754616,348,0.09312282579609313,221,0.05913834626705914,151,0.04040674337704041,P_0039_0068,3.9285,26.6355,5.736232717856378,0.9177972348570205
panel_thermal_winter_solstice_evening_v05.csv,winter_solstice,evening,v05,3737,0.08,0.096,0.16,0.01633401618886029,0.047738190093088696,0.394515509091281,0.019600819426632343,0.05728582811170643,0.47341861090953724,0.01796741780774631,0.05251200910239757,0.43396706000040913,0.03266803237772058,0.09547638018617739,0.789031018182562,0.054433496682960165,0.14992119080956756,1.2186227257551583,0.09072249447160027,0.2498686513492793,2.031037876258597,0.030789852493664907,0.08600501934299631,0.8249302983364182,0.05131642082277485,0.14334169890499388,1.374883830560697,2577,0.6895905806796896,837,0.22397645169922398,263,0.07037730800107038,184,0.04923735616804924,133,0.03559004549103559,P_0039_0068,3.9285,26.6355,4.931443863641013,0.789031018182562
panel_thermal_winter_solstice_evening_v10.csv,winter_solstice,evening,v10,3737,0.08,0.096,0.16,0.013477449018501926,0.03081215563846882,0.34426337803033547,0.016172938822202314,0.03697458676616259,0.4131160536364026,0.01482519392035212,0.033893371202315704,0.378689715833369,0.026954898037003853,0.06162431127693764,0.6885267560606709,0.0446214884484494,0.09795435531676265,1.057154948222611,0.07436914741408235,0.16325725886127107,1.7619249137043518,0.02559145490836444,0.05568419442691172,0.7449984947476903,0.04265242484727407,0.09280699071151954,1.2416641579128171,2460,0.6582820444206583,365,0.09767192935509768,203,0.05432164838105432,154,0.04120952635804121,116,0.03104094193203104,P_0065_0048,24.286500000000004,10.975500000000004,4.303292225379193,0.6885267560606709
panel_thermal_winter_solstice_morning_v00.csv,winter_solstice,morning,v00,3737,0.08,0.096,0.16,0.014879314844494364,0.016988575795872086,0.5803813407750839,0.01785517781339324,0.0203862909550465,0.6964576089301007,0.016367246328943805,0.018687433375459292,0.6384194748525922,0.02975862968898873,0.03397715159174417,1.1607626815501677,0.04951819315795826,0.06090098722930743,1.7294170669190794,0.08253032192993043,0.10150164538217905,2.8823617781984656,0.02807417730824152,0.030939457389630616,1.1409914079167012,0.046790295513735876,0.05156576231605102,1.9016523465278354,2367,0.6333957720096334,1258,0.33663366336633666,100,0.02675943270002676,98,0.026224244046026225,93,0.024886272411024885,P_0000_0037,-26.6085,2.3625000000000007,7.254766759688549,1.1607626815501677
panel_thermal_winter_solstice_morning_v02.csv,winter_solstice,morning,v02,3737,0.08,0.096,0.16,0.012373098510795377,0.013646358373857427,0.46852624180679825,0.014847718212954452,0.016375630048628912,0.5622314901681579,0.013610408361874916,0.015010994211243169,0.5153788659874781,0.024746197021590755,0.027292716747714853,0.9370524836135965,0.04094353854790852,0.048878977414730594,1.3843707210432676,0.06823923091318086,0.08146496235788432,2.307284535072113,0.023357365512042726,0.024825327141815266,0.9501312171403304,0.038928942520071216,0.04137554523635878,1.5835520285672176,2343,0.626973508161627,374,0.10008027829810008,98,0.026224244046026225,98,0.026224244046026225,89,0.023815895103023815,P_0000_0037,-26.6085,2.3625000000000007,5.856578022584978,0.9370524836135965
panel_thermal_winter_solstice_morning_v05.csv,winter_solstice,morning,v05,3737,0.08,0.096,0.16,0.011188479594931116,0.012073008065110035,0.4160437039412671,0.013426175513917341,0.014487609678132042,0.4992524447295205,0.012307327554424227,0.013280308871621037,0.4576480743353938,0.022376959189862232,0.02414601613022007,0.8320874078825342,0.03689937861670183,0.043512863808183457,1.222402965088655,0.06149896436116972,0.07252143968030575,2.0373382751477584,0.02115110276462288,0.022041384447655236,0.8580527970609915,0.03525183794103814,0.03673564074609206,1.4300879951016523,2315,0.6194808670056194,156,0.041744715012041744,98,0.026224244046026225,96,0.02568905539202569,88,0.02354830077602355,P_0000_0037,-26.6085,2.3625000000000007,5.200546299265839,0.8320874078825342
panel_thermal_winter_solstice_morning_v10.csv,winter_solstice,morning,v10,3737,0.08,0.096,0.16,0.010047722206656746,0.010565438671908211,0.36587148324624325,0.012057266647988096,0.012678526406289853,0.43904577989549187,0.01105249442732242,0.011621982539099032,0.4024586315708676,0.02009544441331349,0.021130877343816423,0.7317429664924865,0.03298383581125099,0.03801607376241812,1.067967615120937,0.054973059685418324,0.06336012293736354,1.7799460252015615,0.01904522237777039,0.01932920758559063,0.7680795641722991,0.03174203729628398,0.03221534597598438,1.2801326069538317,2252,0.6026224244046027,127,0.03398447952903398,98,0.026224244046026225,96,0.02568905539202569,88,0.02354830077602355,P_0000_0037,-26.6085,2.3625000000000007,4.57339354057804,0.7317429664924865
panel_thermal_winter_solstice_peak_v00.csv,winter_solstice,peak,v00,3737,0.08,0.096,0.16,0.04201092233619321,0.1572933283431697,0.436266515602892,0.050413106803431855,0.18875199401180365,0.5235198187234704,0.04621201456981253,0.17302266117748666,0.4798931671631812,0.08402184467238642,0.3145866566863394,0.872533031205784,0.13991783418369824,0.5417163371404806,1.4012378561723855,0.2331963903061637,0.902860561900801,2.3353964269539755,0.07751234730050334,0.3069748819231412,0.7305250262327144,0.1291872455008389,0.5116248032052354,1.2175417103878574,3289,0.8801177415038801,3092,0.8274016590848274,1814,0.48541610917848543,755,0.20203371688520202,413,0.11051645705111052,P_0031_0058,-2.3355,18.8055,5.45333144503615,0.872533031205784
panel_thermal_winter_solstice_peak_v02.csv,winter_solstice,peak,v02,3737,0.08,0.096,0.16,0.025851605590143024,0.13597841164025104,0.4671758445012727,0.031021926708171627,0.16317409396830124,0.5606110134015272,0.028436766149157328,0.14957625280427614,0.5138934289513999,0.05170321118028605,0.2719568232805021,0.9343516890025454,0.08586152457711524,0.4437813380178746,1.5663929699444799,0.14310254096185876,0.7396355633631244,2.6106549499074663,0.04850359530579619,0.265817974941801,0.8643376948473714,0.0808393255096603,0.44302995823633506,1.440562824745619,3045,0.8148247257158149,2030,0.5432164838105432,575,0.15386673802515385,417,0.11158683435911158,278,0.07439122290607439,P_0021_0057,-10.165499999999998,18.0225,5.839698056265909,0.9343516890025454
panel_thermal_winter_solstice_peak_v05.csv,winter_solstice,peak,v05,3737,0.08,0.096,0.16,0.021046934358906054,0.11454776739049241,0.45009316156423423,0.025256321230687263,0.1374573208685909,0.5401117938770811,0.023151627794796657,0.12600254412954162,0.49510247772065763,0.04209386871781211,0.22909553478098482,0.9001863231284685,0.06926908080131652,0.36557818563623923,1.2863180475420377,0.11544846800219422,0.6092969760603987,2.1438634125700626,0.03972508197508948,0.23027071909348046,0.8421390653902208,0.06620846995848247,0.38378453182246747,1.4035651089837011,2875,0.7693336901257694,1117,0.2989028632592989,431,0.11533315493711534,334,0.08937650521808937,228,0.06101150655606101,P_0019_0057,-11.7315,18.0225,5.626164519552928,0.9001863231284685
panel_thermal_winter_solstice_peak_v10.csv,winter_solstice,peak,v10,3737,0.08,0.096,0.16,0.01757993203464723,0.1021745413797734,0.37248720700466725,0.021095918441576676,0.12260944965572808,0.44698464840560076,0.019337925238111953,0.11239199551775074,0.409735927705134,0.03515986406929446,0.2043490827595468,0.7449744140093345,0.057285333914420415,0.3242256975089777,1.0679058331101878,0.09547555652403401,0.5403761625149628,1.7798430551836464,0.033350866187404245,0.20881512800638197,0.6713239081882962,0.05558477697900708,0.34802521334396996,1.118873180313827,2716,0.7267861921327268,623,0.1667112657211667,362,0.09686914637409687,282,0.07546160021407546,194,0.05191329943805191,P_0019_0057,-11.7315,18.0225,4.656090087558341,0.7449744140093345
