time_armenia,project_timezone,sun_altitude_deg,sun_azimuth_deg,sun_enu_x_east,sun_enu_y_north,sun_enu_z_up,sun_above_horizon
2026-06-21T00:00:00+04:00,Asia/Yerevan,-24.459474201012213,343.69203681578017,-0.255599518387037,0.8736314353866472,-0.4140495155226985,False
2026-06-21T00:10:00+04:00,Asia/Yerevan,-24.954939453925444,346.1568873278832,-0.21692639939390132,0.8803060852164546,-0.4219053609245538,False
2026-06-21T00:20:00+04:00,Asia/Yerevan,-25.37039861285105,348.64877690469444,-0.17784052691537294,0.8858823839321041,-0.42846837552523614,False
2026-06-21T00:30:00+04:00,Asia/Yerevan,-25.704259555859462,351.1633736087382,-0.13841627437534773,0.8903497229200869,-0.43372607240535244,False
2026-06-21T00:40:00+04:00,Asia/Yerevan,-25.955213329580186,353.6959904283976,-0.09872865885530831,0.8936996035297549,-0.4376684482246708,False
2026-06-21T00:50:00+04:00,Asia/Yerevan,-26.122258254218558,356.24165007864093,-0.05885319838655839,0.895925653232883,-0.4402880022427416,False
2026-06-21T01:00:00+04:00,Asia/Yerevan,-26.20471894979673,358.79516043578667,-0.018865768291244017,0.8970236377399599,-0.4415797505802892,False
2026-06-21T01:10:00+04:00,Asia/Yerevan,-26.20225945026545,1.3511981239529531,0.021157543155368174,0.8969914690503195,-0.44154123569444625,False
2026-06-21T01:20:00+04:00,Asia/Yerevan,-26.114889813185595,3.904397197709953,0.06114057946762789,0.8958292094208271,-0.44017253104983584,False
2026-06-21T01:30:00+04:00,Asia/Yerevan,-25.94296592100852,6.449439496254701,0.10100726082085215,0.8935390712455891,-0.4374762409766255,False
2026-06-21T01:40:00+04:00,Asia/Yerevan,-25.687182483145474,8.981143121800967,0.14068172877746293,0.8901254128469306,-0.4334574957158611,False
2026-06-21T01:50:00+04:00,Asia/Yerevan,-25.348559560414984,11.494545632478061,0.18008849059196458,0.8855947301856292,-0.4281239416614663,False
2026-06-21T02:00:00+04:00,Asia/Yerevan,-24.928423219621447,13.984978922381316,0.2191525628205385,0.8799556445061937,-0.42148572681750357,False
2026-06-21T02:10:00+04:00,Asia/Yerevan,-24.428381163754157,16.448133344640013,0.2577996139631305,0.8732188859405522,-0.41355548149819255,False
2026-06-21T02:20:00+04:00,Asia/Yerevan,-23.85029435642499,18.880109353222124,0.29595610586603466,0.8653972731013637,-0.40434829430744,False
2026-06-21T02:30:00+04:00,Asia/Yerevan,-23.19624575895184,21.277455721575066,0.333549433616755,0.8565056887036571,-0.39388168344341185,False
2026-06-21T02:40:00+04:00,Asia/Yerevan,-22.468507324207195,23.637194166806847,0.3705080636654341,0.8465610512609908,-0.38217556338255954,False
2026-06-21T02:50:00+04:00,Asia/Yerevan,-21.66950634932497,25.956830903029452,0.4067616699094467,0.8355822829100954,-0.3692522070065822,False
2026-06-21T03:00:00+04:00,Asia/Yerevan,-20.80179219128289,28.234356219700086,0.44224126748387915,0.8235902734247236,-0.3551362032438275,False
2026-06-21T03:10:00+04:00,Asia/Yerevan,-19.868004210440198,30.468233602352864,0.47687934400234444,0.810607840487328,-0.3398544103058903,False
2026-06-21T03:20:00+04:00,Asia/Yerevan,-18.87084164327333,32.65738017674709,0.5106099879993039,0.7966596862938178,-0.3234359046079864,False
2026-06-21T03:30:00+04:00,Asia/Yerevan,-17.813035932244485,34.80114037143422,0.5433690143295261,0.7817723505738203,-0.30591192547013146,False
2026-06-21T03:40:00+04:00,Asia/Yerevan,-16.697325870969124,36.899254679083164,0.5750940862862943,0.7659741601156209,-0.287315815704081,False
2026-06-21T03:50:00+04:00,Asia/Yerevan,-15.52643576669964,38.95182528128889,0.6057248342060974,0.7492951748916438,-0.2676829581988682,False
2026-06-21T04:00:00+04:00,Asia/Yerevan,-14.30305668636235,40.9592801151942,0.6352029703344327,0.7317671308866555,-0.2470507086252258,False
2026-06-21T04:10:00+04:00,Asia/Yerevan,-13.029830740209594,42.922336732545936,0.6634723997445637,0.7134233797300789,-0.22545832437881186,False
2026-06-21T04:20:00+04:00,Asia/Yerevan,-11.709338273315204,44.84196705181481,0.690479327044203,0.6942988252831609,-0.20294688993677001,False
2026-06-21T04:30:00+04:00,Asia/Yerevan,-10.344087765661692,46.71936387278321,0.7161723587778479,0.6744298572299928,-0.1795592386910375,False
2026-06-21T04:40:00+04:00,Asia/Yerevan,-8.936508210011974,48.55590978192451,0.7405026012169973,0.6538542818688284,-0.15533987148398004,False
2026-06-21T04:50:00+04:00,Asia/Yerevan,-7.488943707820001,50.353148889271715,0.7634237534093723,0.6326112502008022,-0.13033487196343152,False
2026-06-21T05:00:00+04:00,Asia/Yerevan,-6.0036500190918405,52.11276166461018,0.784892195299098,0.6107411834587629,-0.10459181892458069,False
2026-06-21T05:10:00+04:00,Asia/Yerevan,-4.482792806548488,53.836543005782595,0.8048670707489122,0.5882856962186971,-0.0781596958063981,False
2026-06-21T05:20:00+04:00,Asia/Yerevan,-2.928447327690259,55.526383567866986,0.8233103653073311,0.5652875172389128,-0.05108879751349335,False
2026-06-21T05:30:00+04:00,Asia/Yerevan,-1.3425993477253133,57.184254306590965,0.84018697857211,0.5417904081778349,-0.023430634740956423,False
2026-06-21T05:40:00+04:00,Asia/Yerevan,0.27285293077047407,58.8121941395996,0.8554647910121079,0.5178390803449425,0.004762164015921045,True
2026-06-21T05:50:00+04:00,Asia/Yerevan,1.9160961007954325,60.41230060123509,0.8691147251205003,0.4934791096426457,0.033435952581304655,True
2026-06-21T06:00:00+04:00,Asia/Yerevan,3.5853981003056132,61.986723356618604,0.8811108007823345,0.4687568498612986,0.062536169156939,True
2026-06-21T06:10:00+04:00,Asia/Yerevan,5.279104206834381,63.53766044605759,0.8914301847511653,0.4437193444916299,0.09200744012535925,True
2026-06-21T06:20:00+04:00,Asia/Yerevan,6.995632581848971,65.06735714813878,0.9000532341400584,0.418414237222655,0.12179368540037264,True
2026-06-21T06:30:00+04:00,Asia/Yerevan,8.733469446337448,66.57810737743556,0.9069635338440187,0.3928896812950861,0.15183822512468753,True
2026-06-21T06:40:00+04:00,Asia/Yerevan,10.491163947336675,68.0722575689208,0.9121479278223346,0.36719424788240856,0.18208388751202956,True
2026-06-21T06:50:00+04:00,Asia/Yerevan,12.267322754438545,69.55221304506844,0.915596544180833,0.34137683367429655,0.21247311762815435,True
2026-06-21T07:00:00+04:00,Asia/Yerevan,14.060604405642689,71.02044691312658,0.9173028140060944,0.3154865678376971,0.24294808690436492,True
2026-06-21T07:10:00+04:00,Asia/Yerevan,15.869713402689573,72.47951159934027,0.9172634839153297,0.28957271853264954,0.2734508031751281,True
2026-06-21T07:20:00+04:00,Asia/Yerevan,17.693394036807646,73.932053195067,0.9154786222976791,0.2636845991612759,0.3039232210297541,True
2026-06-21T07:30:00+04:00,Asia/Yerevan,19.530423906202824,75.38082886852402,0.9119516192346885,0.23787147452703816,0.33430735226967767,True
2026-06-21T07:40:00+04:00,Asia/Yerevan,21.379607065380327,76.82872768728333,0.9066891800997157,0.21218246708431573,0.3645453762594153,True
2026-06-21T07:50:00+04:00,Asia/Yerevan,23.239766723319068,78.27879530429564,0.8997013128480323,0.1866664634555321,0.3945797499625793,True
2026-06-21T08:00:00+04:00,Asia/Yerevan,25.109737380814117,79.73426308767664,0.8910013090214995,0.1613720213945597,0.42435331745257765,True
2026-06-21T08:10:00+04:00,Asia/Yerevan,26.9883562661607,81.19858242733912,0.8806057185034709,0.13634727737289684,0.45380941869025165,True
2026-06-21T08:20:00+04:00,Asia/Yerevan,28.87445389064088,82.67546513592615,0.8685343180717051,0.11163985496502636,0.48289199736080346,True
2026-06-21T08:30:00+04:00,Asia/Yerevan,30.76684349911215,84.16893108561574,0.8548100738087302,0.0872967742071601,0.5115457075649618,True
2026-06-21T08:40:00+04:00,Asia/Yerevan,32.664309133384364,85.68336449582353,0.8394590974408113,0.06336436210194812,0.5397160191612546,True
2026-06-21T08:50:00+04:00,Asia/Yerevan,34.565591953434335,87.22358062137761,0.82251059668836,0.03988816443974159,0.5673493215585846,True
2026-06-21T09:00:00+04:00,Asia/Yerevan,36.46937436915482,88.7949050000974,0.803996819721781,0.01691285910410176,0.5943930257617318,True
2026-06-21T09:10:00+04:00,Asia/Yerevan,38.374261416924924,90.40326791808704,0.783952993828611,-0.005517828972717604,0.6207956644747014,True
2026-06-21T09:20:00+04:00,Asia/Yerevan,40.27875866302668,92.05531735657279,0.7624172584077004,-0.027361211043213755,0.6465069900722918,True
2026-06-21T09:30:00+04:00,Asia/Yerevan,42.18124571881781,93.75855440927205,0.7394305924183283,-0.04857571580757451,0.6714780702522323,True
2026-06-21T09:40:00+04:00,Asia/Yerevan,44.079944197469636,95.52149601100633,0.7150367364220362,-0.06912096855148665,0.6956613811858668,True
2026-06-21T09:50:00+04:00,Asia/Yerevan,45.97287861135095,97.35387078511788,0.6892821093647542,-0.08895786800849625,0.7190108979904671,True
2026-06-21T10:00:00+04:00,Asia/Yerevan,47.85782828109375,99.26685485050328,0.6622157202584505,-0.1080486607995182,0.7414821823496586,True
2026-06-21T10:10:00+04:00,Asia/Yerevan,49.73226777683338,101.27335540718767,0.6338890749290784,-0.12635701330858204,0.7630324671161065,True
2026-06-21T10:20:00+04:00,Asia/Yerevan,51.59329271042527,103.38835058150511,0.6043560780093259,-0.14384808085690767,0.7836207377341223,True
2026-06-21T10:30:00+04:00,Asia/Yerevan,53.43752682017519,105.62929384549284,0.573672930361932,-0.16048857404397315,0.8032078103276176,True
2026-06-21T10:40:00+04:00,Asia/Yerevan,55.261005226729594,108.016589364098,0.5418980221287677,-0.1762468221290198,0.8217564063044178,True
2026-06-21T10:50:00+04:00,Asia/Yerevan,57.05902752397041,110.57413911391842,0.5090918216094285,-0.19109283333198243,0.8392312233345165,True
2026-06-21T11:00:00+04:00,Asia/Yerevan,58.825973134458074,113.32995046717384,0.4753167601811336,-0.2049983519387638,0.8555990025667991,True
2026-06-21T11:10:00+04:00,Asia/Yerevan,60.55507044525249,116.31676888261205,0.44063711347816137,-0.21793691210232186,0.8708285919564991,True
2026-06-21T11:20:00+04:00,Asia/Yerevan,62.23811139432548,119.5726558402306,0.40511887905798694,-0.22988388823652384,0.884891005582076,True
2026-06-21T11:30:00+04:00,Asia/Yerevan,63.86510590078496,123.14135428349056,0.36882965078654867,-0.2408165419068779,0.8977594788386729,True
2026-06-21T11:40:00+04:00,Asia/Yerevan,65.423878608354,127.07215555109543,0.33183849018159794,-0.2507140651287448,0.9094095194029019,True
2026-06-21T11:50:00+04:00,Asia/Yerevan,66.8996285646735,131.41878706634535,0.2942157949602432,-0.25955761999009336,0.9198189538713532,True
2026-06-21T12:00:00+04:00,Asia/Yerevan,68.27450767306154,136.23658197413448,0.25603316503979956,-0.26733037452360453,0.9289679699843112,True
2026-06-21T12:10:00+04:00,Asia/Yerevan,69.5273338137598,141.5769372110128,0.2173632662478744,-0.2740175347594438,0.9368391543538372,True
2026-06-21T12:20:00+04:00,Asia/Yerevan,70.63364153916694,147.47802686682022,0.17827969200161445,-0.2796063728975236,0.9434175256242066,True
2026-06-21T12:30:00+04:00,Asia/Yerevan,71.56636752379946,153.9513538386912,0.13885682321861995,-0.2840862515456716,0.9486905630016367,True
2026-06-21T12:40:00+04:00,Asia/Yerevan,72.29750295768585,160.9655826461307,0.0991696867276328,-0.28744864397723846,0.9526482300985973,True
2026-06-21T12:50:00+04:00,Asia/Yerevan,72.80089749491154,168.4323473646452,0.05929381244795249,-0.28968715036962056,0.9552829940473744,True
2026-06-21T13:00:00+04:00,Asia/Yerevan,73.05595697675977,176.20189489207442,0.019305089610147312,-0.2907975099926457,0.956589839846327,True
2026-06-21T13:10:00+04:00,Asia/Yerevan,73.05132577693861,184.07592203285785,-0.020720377708366315,-0.2907776093235793,0.9565662799114792,True
2026-06-21T13:20:00+04:00,Asia/Yerevan,72.78721594311237,191.83792073702614,-0.06070641545696341,-0.2896274860732264,0.955212358815185,True
2026-06-21T13:30:00+04:00,Asia/Yerevan,72.27536172983486,199.2908738880149,-0.1005769246194126,-0.28734932911545946,0.9525306532028228,True
2026-06-21T13:40:00+04:00,Asia/Yerevan,71.53662062014311,206.2870968230678,-0.14025602607809315,-0.2839474743203044,0.9485262668876921,True
2026-06-21T13:50:00+04:00,Asia/Yerevan,70.59726843055532,212.74040043772277,-0.1796682050600246,-0.2794283962984837,0.9432068211333963,True
2026-06-21T14:00:00+04:00,Asia/Yerevan,69.48532160031237,218.62123986139025,-0.2187384548882244,-0.27380069607321256,0.9365824401423168,True
2026-06-21T14:10:00+04:00,Asia/Yerevan,68.22777311497252,223.9423313869897,-0.25739241976510896,-0.26707508470275726,0.9286657317778433,True
2026-06-21T14:20:00+04:00,Asia/Yerevan,66.84897914249049,228.74252341546307,-0.29555653631612416,-0.25926436288491406,0.9194717635570411,True
2026-06-21T14:30:00+04:00,Asia/Yerevan,65.37000187687548,233.07348622434614,-0.33315817362292177,-0.2503833965824892,0.9090180339597532,True
2026-06-21T14:40:00+04:00,Asia/Yerevan,63.80857536889354,236.99057157797006,-0.37012577148026465,-0.24044908871612267,0.8973244391086901,True
2026-06-21T14:50:00+04:00,Asia/Yerevan,62.17940005866545,240.54738543278276,-0.40638897661291057,-0.22948034697847938,0.8844132348840942,True
2026-06-21T15:00:00+04:00,Asia/Yerevan,60.494566530129426,243.79303411601023,-0.44187877659271185,-0.21749804783127688,0.8703089945453351,True
2026-06-21T15:10:00+04:00,Asia/Yerevan,58.76399520145631,246.77105764864422,-0.47652763120059594,-0.20452499675395272,0.8550385619404217,True
2026-06-21T15:20:00+04:00,Asia/Yerevan,56.995837744129766,249.51932117831328,-0.5102696009846365,-0.19058588481928537,0.8386310003920854,True
2026-06-21T15:30:00+04:00,Asia/Yerevan,55.1968204951007,252.07039189440897,-0.5430404727669647,-0.17570724167964086,0.8211175373589118,True
2026-06-21T15:40:00+04:00,Asia/Yerevan,53.37252781592018,254.45212101165993,-0.5747778818629848,-0.15991738505259068,0.8025315049759992,True
2026-06-21T15:50:00+04:00,Asia/Yerevan,51.527631172300154,256.6882765949347,-0.6054214307780322,-0.14324636680309666,0.7829082765895332,True
2026-06-21T16:00:00+04:00,Asia/Yerevan,49.66607230125491,258.79914941781504,-0.6349128041568202,-0.1257259157245392,0.7622851994056749,True
2026-06-21T16:10:00+04:00,Asia/Yerevan,47.79120892985369,260.8020976352697,-0.6631958797665545,-0.1073893771277462,0.7407015233822464,True
2026-06-21T16:20:00+04:00,Asia/Yerevan,45.905930574974946,262.7120195583678,-0.6902168353015584,-0.08827164935379155,0.7181983264994865,True
2026-06-21T16:30:00+04:00,Asia/Yerevan,44.01275071554588,264.54175565999077,-0.7159242508076746,-0.06840911733067259,0.694818436551239,True
2026-06-21T16:40:00+04:00,Asia/Yerevan,42.11388041810229,266.3024262816324,-0.7402692065299004,-0.04783958330157252,0.6706063496069239,True
2026-06-21T16:50:00+04:00,Asia/Yerevan,40.211287439847545,268.0037133849928,-0.7632053759982935,-0.02660219485600377,0.6456081452987925,True
2026-06-21T17:00:00+04:00,Asia/Yerevan,38.30674396264533,269.65409481614563,-0.7846891141744936,-0.004737370401360186,0.6198713990964004,True
2026-06-21T17:10:00+04:00,Asia/Yerevan,36.401865415643734,271.2610388697854,-0.8046795404911721,0.0177132777829212,0.5934450917356224,True
2026-06-21T17:20:00+04:00,Asia/Yerevan,34.498142298294354,272.83116595781763,-0.8231386166268854,0.04070702276234263,0.566379515974407,True
2026-06-21T17:30:00+04:00,Asia/Yerevan,32.59696649154605,274.37038315395904,-0.8400312188680014,0.06420010428395764,0.5387261808535658,True
2026-06-21T17:40:00+04:00,Asia/Yerevan,30.699653217157525,275.8839964228352,-0.8553252049207024,0.0881478120782567,0.5105377136443251,True
2026-06-21T17:50:00+04:00,Asia/Yerevan,28.80745955234124,277.37680449472924,-0.8689914750455096,0.11250457096674595,0.48186775967044954,True
2026-06-21T18:00:00+04:00,Asia/Yerevan,26.921600211620248,278.8531776264065,-0.8810040273989563,0.1372240276141165,0.452770880194585,True
2026-06-21T18:10:00+04:00,Asia/Yerevan,25.0432611569274,280.3171238868999,-0.8913400074766842,0.16225913875870981,0.42330244856455335,True
2026-06-21T18:20:00+04:00,Asia/Yerevan,23.173611479543272,281.77234511127904,-0.8999797515646147,0.1875622607539205,0.393518544816598,True
2026-06-21T18:30:00+04:00,Asia/Yerevan,21.31381390595414,283.22228425893485,-0.9069068241156458,0.213085240249748,0.36347584893659746,True
2026-06-21T18:40:00+04:00,Asia/Yerevan,19.465034207688507,284.67016558074414,-0.9121080489810378,0.23877950584162247,0.3332315329827526,True
2026-06-21T18:50:00+04:00,Asia/Yerevan,17.62844973800569,286.11902872798174,-0.9155735344375353,0.2645961605124145,0.30284315227465197,True
2026-06-21T19:00:00+04:00,Asia/Yerevan,15.8052572725081,287.57175771328235,-0.9172966919628276,0.29048607469119714,0.2723685358563899,True
2026-06-21T19:10:00+04:00,Asia/Yerevan,13.996680293328485,289.0311054508045,-0.917274248724066,0.3163999797517955,0.24186567644203613,True
2026-06-21T19:20:00+04:00,Asia/Yerevan,12.203975825505763,290.49971445096264,-0.9155062537560339,0.3422885617732022,0.21139262005288947,True
2026-06-21T19:30:00+04:00,Asia/Yerevan,10.428440907741363,291.9801341183172,-0.9119960778175739,0.36810255538336967,0.18100735555660477,True
2026-06-21T19:40:00+04:00,Asia/Yerevan,8.671418756587565,293.47483499430825,-0.9067504069269882,0.39379283750747096,0.1507677043187834,True
2026-06-21T19:50:00+04:00,Asia/Yerevan,6.934304662053955,294.9862201955555,-0.8997792295889826,0.4193105208430752,0.12073121017601866,True
2026-06-21T20:00:00+04:00,Asia/Yerevan,5.218551633059819,296.516634220042,-0.8910958177380611,0.4446070468831148,0.09095502994124066,True
2026-06-21T20:10:00+04:00,Asia/Yerevan,3.525675791811232,298.0683692258064,-0.8807167014346822,0.46963427831121357,0.06149582464784531,True
2026-06-21T20:20:00+04:00,Asia/Yerevan,1.857261497184494,299.64366882754996,-0.8686616373631235,0.49434459059204994,0.032409651741354205,True
2026-06-21T20:30:00+04:00,Asia/Yerevan,0.21496615723572537,301.2447294055654,-0.8549535711909024,0.5186909625839884,0.003751858421931477,True
2026-06-21T20:40:00+04:00,Asia/Yerevan,-1.3994753295474354,302.87369887758877,-0.8396185938620211,0.5426270660007204,-0.024423023658269524,False
2026-06-21T20:50:00+04:00,Asia/Yerevan,-2.984246586537158,304.5326728483566,-0.8226858919076565,0.5661073535518564,-0.052061382142787715,False
2026-06-21T21:00:00+04:00,Asia/Yerevan,-4.537446330233532,306.2236880245162,-0.8041876918684926,0.5890871455958522,-0.07911062596742373,False
2026-06-21T21:10:00+04:00,Asia/Yerevan,-6.057085630049644,307.94871276536276,-0.7841591989357108,0.6115227151390623,-0.10551928541007853,False
2026-06-21T21:20:00+04:00,Asia/Yerevan,-7.541086011477307,309.70963463538493,-0.762638529926821,0.6333713710206288,-0.13123711000515947,False
2026-06-21T21:30:00+04:00,Asia/Yerevan,-8.987278582799638,311.5082448348616,-0.739666640724511,0.6545915391244786,-0.15621516413576264,False
2026-06-21T21:40:00+04:00,Asia/Yerevan,-10.39340439034668,313.3462194134928,-0.715287248316842,0.6751428414641358,-0.1804059201219659,False
2026-06-21T21:50:00+04:00,Asia/Yerevan,-11.757116230144876,315.2250972226986,-0.689546747587029,0.6949861729903436,-0.20376334862871276,False
2026-06-21T22:00:00+04:00,Asia/Yerevan,-13.075982162878194,317.14625463842754,-0.6624941230114976,0.7140837759753452,-0.2262430062212304,False
2026-06-21T22:10:00+04:00,Asia/Yerevan,-14.347490992205262,319.11087719159127,-0.6341808554346933,0.7323993118323308,-0.24780211990144324,False
2026-06-21T22:20:00+04:00,Asia/Yerevan,-15.56905997094694,321.11992838018,-0.6046608240970955,0.7498979302343448,-0.268399668465643,False
2026-06-21T22:30:00+04:00,Asia/Yerevan,-16.738044992097002,323.17411610632087,-0.5739902041040977,0.7665463354005098,-0.2879964605278778,False
2026-06-21T22:40:00+04:00,Asia/Yerevan,-17.851753498960186,325.27385738202827,-0.5422273595303639,0.7823128494241025,-0.30655520906138767,False
2026-06-21T22:50:00+04:00,Asia/Yerevan,-18.90746030722245,327.419242173776,-0.5094327323628239,0.7971674725223227,-0.3240406023166222,False
2026-06-21T23:00:00+04:00,Asia/Yerevan,-19.902426468402027,329.6099974990775,-0.4756687274938777,0.8110819400931495,-0.34041937098098274,False
2026-06-21T23:10:00+04:00,Asia/Yerevan,-20.833921216619753,331.84545313351117,-0.4409995939838126,0.8240297764708958,-0.3556603514526719,False
2026-06-21T23:20:00+04:00,Asia/Yerevan,-21.699246928047582,334.124510514092,-0.4054913028175598,0.8359863452787002,-0.369734545108893,False
2026-06-21T23:30:00+04:00,Asia/Yerevan,-22.49576688577307,336.44561660921545,-0.3692114213888912,0.8469288962820817,-0.38261517345553575,False
2026-06-21T23:40:00+04:00,Asia/Yerevan,-23.22093548606916,338.8067446379939,-0.33222898495066944,0.8568366086546848,-0.39427772905375524,False
2026-06-21T23:50:00+04:00,Asia/Yerevan,-23.872330351979347,341.20538353240227,-0.2946143652749058,0.8656906305742766,-0.404700022126977,False
