rank,case_key,case_label,time_code,selected_local_time,wind_speed_m_s,air_temperature_C,sky_temperature_C,convection_h_W_m2_K,q_abs_max_W_m2,q_abs_mean_all_W_m2,surface_temperature_max_C,surface_temperature_mean_C,deltaT_air_max_C,deltaT_air_mean_C,deltaT_air_mean_visible_C,deltaT_aperture_mean_min_C,deltaT_aperture_mean_max_C,max_abs_thermal_balance_residual_W_m2
1,winter_solstice,Winter solstice,morning,2026-12-22 09:24:00 Asia/Yerevan,0.0,-5.0,-18.0,5.0,237.7649678703386,73.76100987124427,28.72054271475497,3.90494297110615,33.72054271475497,8.904942971106149,15.384760758391495,-11.424168547878365,24.81559974364882,3.979039320256561e-13
2,winter_solstice,Winter solstice,evening,2026-12-22 16:40:00 Asia/Yerevan,0.0,-5.0,-18.0,5.0,237.64375573299333,73.88937206676226,28.702903180044014,3.924710322769261,33.70290318004402,8.924710322769261,15.396670172918652,-11.443935899541476,24.77819285727476,3.979039320256561e-13
3,winter_solstice,Winter solstice,axis,2026-12-22 13:02:00 Asia/Yerevan,0.0,-5.0,-18.0,5.0,237.42999777423765,99.91224566694264,28.671793756592933,7.918093223182559,33.67179375659293,12.91809322318256,17.907308873981446,-15.437318799954774,20.75370053341037,3.979039320256561e-13
4,spring_equinox,Spring equinox,evening,2026-03-20 18:09:00 Asia/Yerevan,0.0,18.0,5.0,5.0,237.81145675266828,67.51494650799361,49.19490788102053,24.828007236510047,31.194907881020526,6.82800723651005,13.324096124104743,-9.896173402296398,24.36690064451048,4.547473508864641e-13
5,spring_equinox,Spring equinox,morning,2026-03-20 08:13:00 Asia/Yerevan,0.0,18.0,5.0,5.0,237.8088524421911,67.49548848360463,49.194550099595176,24.82516981822564,31.194550099595176,6.825169818225638,13.323622229432951,-9.893335984011989,24.36938028136954,4.547473508864641e-13
6,spring_equinox,Spring equinox,axis,2026-03-20 13:11:00 Asia/Yerevan,0.0,18.0,5.0,5.0,237.1977021935532,128.87734005299205,49.11057966951262,33.733591373365634,31.110579669512617,15.73359137336564,18.55659355502164,-18.801757539151986,15.376988296146983,4.547473508864641e-13
7,summer_solstice,Summer solstice,evening,2026-06-22 18:52:00 Asia/Yerevan,0.0,32.0,18.0,5.0,237.8066590799308,65.20594304493108,61.392852658563584,37.56214620289702,29.392852658563584,5.562146202897023,11.977217494812198,-9.22385017802346,23.830706455666565,4.547473508864641e-13
8,summer_solstice,Summer solstice,morning,2026-06-22 07:18:00 Asia/Yerevan,0.0,32.0,18.0,5.0,237.8011684366671,65.37122004879599,61.39212519861337,37.58537769361051,29.39212519861337,5.585377693610504,11.991820726654348,-9.247081668736952,23.80674750500286,4.547473508864641e-13
9,summer_solstice,Summer solstice,axis,2026-06-22 13:05:00 Asia/Yerevan,0.0,32.0,18.0,5.0,237.05330025680263,148.93024911600926,61.2930245438082,49.2909031614396,29.2930245438082,17.290903161439605,18.41252762444621,-20.952607136566044,12.0021213823686,4.547473508864641e-13
10,winter_solstice,Winter solstice,morning,2026-12-22 09:24:00 Asia/Yerevan,2.0,-5.0,-18.0,10.65685424949238,237.7649678703386,73.76100987124427,13.3251978155306,-0.2020061311069405,18.3251978155306,4.79799386889306,8.271406019390117,-6.123759517032796,13.527203946637542,7.389644451905042e-13
11,winter_solstice,Winter solstice,evening,2026-12-22 16:40:00 Asia/Yerevan,2.0,-5.0,-18.0,10.65685424949238,237.64375573299333,73.88937206676226,13.315308217796089,-0.1913663207069651,18.315308217796087,4.808633679293035,8.27785847226999,-6.134399327432771,13.506674538503052,7.389644451905042e-13
12,winter_solstice,Winter solstice,axis,2026-12-22 13:02:00 Asia/Yerevan,2.0,-5.0,-18.0,10.65685424949238,237.42999777423765,99.91224566694264,13.297867557532411,1.9635173210116788,18.297867557532413,6.963517321011678,9.642546034450705,-8.289282969151415,11.334350236520734,7.389644451905042e-13
13,spring_equinox,Spring equinox,evening,2026-03-20 18:09:00 Asia/Yerevan,2.0,18.0,5.0,10.65685424949238,237.81145675266828,67.51494650799361,35.40185222502089,21.78198470424863,17.40185222502089,3.781984704248628,7.352003382326731,-5.4385838154347255,13.61986752077226,7.673861546209082e-13
14,spring_equinox,Spring equinox,morning,2026-03-20 08:13:00 Asia/Yerevan,2.0,18.0,5.0,10.65685424949238,237.8088524421911,67.49548848360463,35.40164644322954,21.78041968994804,17.401646443229538,3.780419689948036,7.351733551633093,-5.437018801134133,13.6212267532815,7.673861546209082e-13
15,spring_equinox,Spring equinox,axis,2026-03-20 13:11:00 Asia/Yerevan,2.0,18.0,5.0,10.65685424949238,237.1977021935532,128.87734005299205,35.35335409219522,26.71043042026909,17.353354092195218,8.710430420269093,10.266994849081003,-10.367029531455188,8.642923671926127,7.673861546209082e-13
16,summer_solstice,Summer solstice,evening,2026-06-22 18:52:00 Asia/Yerevan,2.0,32.0,18.0,10.65685424949238,237.8066590799308,65.20594304493108,48.66426393514428,35.138696290076496,16.664263935144277,3.138696290076494,6.71919186995043,-5.148182037112292,13.52556764506778,7.673861546209082e-13
17,summer_solstice,Summer solstice,morning,2026-06-22 07:18:00 Asia/Yerevan,2.0,32.0,18.0,10.65685424949238,237.8011684366671,65.37122004879599,48.663839116346935,35.15171984569287,16.663839116346935,3.151719845692871,6.727439277633371,-5.161205592728663,13.512119270654068,7.673861546209082e-13
18,summer_solstice,Summer solstice,axis,2026-06-22 13:05:00 Asia/Yerevan,2.0,32.0,18.0,10.65685424949238,237.05330025680263,148.93024911600926,48.60597274428381,41.72919906952857,16.605972744283804,9.729199069528566,10.357588461262305,-11.738684816564366,6.876773674755235,7.673861546209082e-13
19,winter_solstice,Winter solstice,morning,2026-12-22 09:24:00 Asia/Yerevan,5.0,-5.0,-18.0,13.94427190999916,237.7649678703386,73.76100987124427,9.441534138487556,-1.2237802016007562,14.441534138487556,3.776219798399244,6.507859084608062,-4.815985362873822,10.665314340088312,9.094947017729282e-13
20,winter_solstice,Winter solstice,evening,2026-12-22 16:40:00 Asia/Yerevan,5.0,-5.0,-18.0,13.94427190999916,237.64375573299333,73.88937206676226,9.433703786245474,-1.215407426741732,14.433703786245474,3.784592573258269,6.51294166960365,-4.824358137732847,10.649111212987206,9.094947017729282e-13
21,winter_solstice,Winter solstice,axis,2026-12-22 13:02:00 Asia/Yerevan,5.0,-5.0,-18.0,13.94427190999916,237.42999777423765,99.91224566694264,9.419894779831791,0.4809798595590678,14.419894779831791,5.480979859559069,7.5884316486974255,-6.520745424033646,8.938914920272726,9.094947017729282e-13
22,spring_equinox,Spring equinox,evening,2026-03-20 18:09:00 Asia/Yerevan,5.0,18.0,5.0,13.94427190999916,237.81145675266828,67.51494650799361,31.805825954183437,20.996965088581128,13.805825954183431,2.9969650885811294,5.822493520900556,-4.304423754537815,10.808860865602306,9.379164112033322e-13
23,spring_equinox,Spring equinox,morning,2026-03-20 08:13:00 Asia/Yerevan,5.0,18.0,5.0,13.94427190999916,237.8088524421911,67.49548848360463,31.805661893131173,20.995725724457213,13.805661893131171,2.995725724457212,5.822278772180027,-4.3031843904139,10.80993616867396,9.379164112033322e-13
24,spring_equinox,Spring equinox,axis,2026-03-20 13:11:00 Asia/Yerevan,5.0,18.0,5.0,13.94427190999916,237.1977021935532,128.87734005299205,31.76716100326473,24.90197070665972,13.767161003264732,6.9019707066597205,8.134580848599262,-8.209429372616409,6.865190296605011,9.379164112033322e-13
25,summer_solstice,Summer solstice,evening,2026-06-22 18:52:00 Asia/Yerevan,5.0,32.0,18.0,13.94427190999916,237.8066590799308,65.20594304493108,45.27773174181743,34.49879953610669,13.277731741817432,2.4987995361066853,5.34427190371898,-4.09133579507359,10.778932205710746,9.379164112033322e-13
26,summer_solstice,Summer solstice,morning,2026-06-22 07:18:00 Asia/Yerevan,5.0,32.0,18.0,13.94427190999916,237.8011684366671,65.37122004879599,45.27739157952385,34.50915706996101,13.27739157952385,2.5091570699610184,5.350838974818887,-4.101693328927915,10.768234509562838,9.379164112033322e-13
27,summer_solstice,Summer solstice,axis,2026-06-22 13:05:00 Asia/Yerevan,5.0,32.0,18.0,13.94427190999916,237.05330025680263,148.93024911600926,45.23105745150144,39.74219539897796,13.231057451501442,7.742195398977956,8.241897575175445,-9.334731657944856,5.488862052523487,9.379164112033322e-13
28,winter_solstice,Winter solstice,morning,2026-12-22 09:24:00 Asia/Yerevan,10.0,-5.0,-18.0,17.64911064067352,237.7649678703386,73.76100987124427,6.649375346711054,-1.9561217571252625,11.649375346711054,3.043878242874737,5.244814320350127,-3.880335147929967,8.605497103836315,1.1084466677857565e-12
29,winter_solstice,Winter solstice,evening,2026-12-22 16:40:00 Asia/Yerevan,10.0,-5.0,-18.0,17.64911064067352,237.64375573299333,73.88937206676226,6.643042279989118,-1.9493732974649165,11.643042279989118,3.050626702535084,5.248913136794673,-3.887083607590313,8.592415577454034,1.1368683772161605e-12
30,winter_solstice,Winter solstice,axis,2026-12-22 13:02:00 Asia/Yerevan,10.0,-5.0,-18.0,17.64911064067352,237.42999777423765,99.91224566694264,6.631873816700704,-0.5817908221251673,11.631873816700704,4.418209177874833,6.116474440152992,-5.254666082930061,7.213664638825872,1.1368683772161605e-12
31,spring_equinox,Spring equinox,evening,2026-03-20 18:09:00 Asia/Yerevan,10.0,18.0,5.0,17.64911064067352,237.81145675266828,67.51494650799361,29.190101693830456,20.42751962898126,11.190101693830456,2.427519628981258,4.714569615557578,-3.484103071634422,8.762582064849198,1.1368683772161605e-12
32,spring_equinox,Spring equinox,morning,2026-03-20 08:13:00 Asia/Yerevan,10.0,18.0,5.0,17.64911064067352,237.8088524421911,67.49548848360463,29.18996834213692,20.42651612462929,11.189968342136922,2.426516124629297,4.714395240234032,-3.4830995672824585,8.763452217507627,1.1368683772161605e-12
33,spring_equinox,Spring equinox,axis,2026-03-20 13:11:00 Asia/Yerevan,10.0,18.0,5.0,17.64911064067352,237.1977021935532,128.87734005299205,29.15867439891849,23.590340446607303,11.158674398918492,5.590340446607304,6.588347180903805,-6.646923889260467,5.568333952311189,1.1368683772161605e-12
34,summer_solstice,Summer solstice,evening,2026-06-22 18:52:00 Asia/Yerevan,10.0,32.0,18.0,17.64911064067352,237.8066590799308,65.20594304493108,42.79586877447355,34.03075266946656,10.795868774473549,2.030752669466559,4.340866573588176,-3.321575642135265,8.765116105006989,1.1652900866465645e-12
35,summer_solstice,Summer solstice,morning,2026-06-22 07:18:00 Asia/Yerevan,10.0,32.0,18.0,17.64911064067352,237.8011684366671,65.37122004879599,42.79559140081528,34.039165047636224,10.795591400815283,2.039165047636224,4.346204102447113,-3.3299880203049312,8.756426353179059,1.1652900866465645e-12
36,summer_solstice,Summer solstice,axis,2026-06-22 13:05:00 Asia/Yerevan,10.0,32.0,18.0,17.64911064067352,237.05330025680263,148.93024911600926,42.75781021813782,38.29038651124928,10.75781021813782,6.29038651124928,6.696220017357469,-7.581209483917988,4.467423706888539,1.1652900866465645e-12
