case_key,case_label,time_code,selected_local_time,wind_speed_m_s,air_temperature_C,sky_temperature_C,convection_h_W_m2_K,visible_points,q_abs_max_W_m2,q_abs_mean_all_W_m2,q_abs_mean_visible_W_m2,surface_temperature_min_C,surface_temperature_mean_C,surface_temperature_max_C,surface_temperature_mean_visible_C,deltaT_air_min_C,deltaT_air_mean_C,deltaT_air_max_C,deltaT_air_mean_visible_C,deltaT_aperture_mean_min_C,deltaT_aperture_mean_max_C,max_abs_thermal_balance_residual_W_m2,case_order,time_order,scenario_id,scenario_label
spring_equinox,Spring equinox,morning,2026-03-20 08:13:00 Asia/Yerevan,0.0,18.0,5.0,5.0,42655,237.8088524421911,67.49548848360463,111.8300001782157,14.931833834213649,24.82516981822564,49.194550099595176,31.323622229432956,-3.0681661657863515,6.825169818225638,31.194550099595176,13.323622229432951,-9.893335984011989,24.36938028136954,4.547473508864641e-13,0,0,spring_equinox__morning,spring equinox / morning
spring_equinox,Spring equinox,morning,2026-03-20 08:13:00 Asia/Yerevan,2.0,18.0,5.0,10.65685424949238,42655,237.8088524421911,67.49548848360463,111.8300001782157,16.343400888813903,21.78041968994804,35.40164644322954,25.35173355163309,-1.6565991111860967,3.780419689948036,17.401646443229538,7.351733551633093,-5.437018801134133,13.6212267532815,7.673861546209082e-13,0,0,spring_equinox__morning,spring equinox / morning
spring_equinox,Spring equinox,morning,2026-03-20 08:13:00 Asia/Yerevan,5.0,18.0,5.0,13.94427190999916,42655,237.8088524421911,67.49548848360463,111.8300001782157,16.692541334043312,20.995725724457213,31.805661893131173,23.822278772180027,-1.3074586659566876,2.995725724457212,13.805661893131171,5.822278772180027,-4.3031843904139,10.80993616867396,9.379164112033322e-13,0,0,spring_equinox__morning,spring equinox / morning
spring_equinox,Spring equinox,morning,2026-03-20 08:13:00 Asia/Yerevan,10.0,18.0,5.0,17.64911064067352,42655,237.8088524421911,67.49548848360463,111.8300001782157,16.943416557346836,20.42651612462929,29.18996834213692,22.714395240234037,-1.0565834426531635,2.426516124629297,11.189968342136922,4.714395240234032,-3.4830995672824585,8.763452217507627,1.1368683772161605e-12,0,0,spring_equinox__morning,spring equinox / morning
spring_equinox,Spring equinox,axis,2026-03-20 13:11:00 Asia/Yerevan,0.0,18.0,5.0,5.0,61447,237.1977021935532,128.87734005299205,148.2277125582226,14.931833834213649,33.733591373365634,49.11057966951262,36.55659355502164,-3.0681661657863515,15.73359137336564,31.110579669512617,18.55659355502164,-18.801757539151986,15.376988296146983,4.547473508864641e-13,0,1,spring_equinox__axis,spring equinox / axis
spring_equinox,Spring equinox,axis,2026-03-20 13:11:00 Asia/Yerevan,2.0,18.0,5.0,10.65685424949238,61447,237.1977021935532,128.87734005299205,148.2277125582226,16.343400888813903,26.71043042026909,35.35335409219522,28.26699484908101,-1.6565991111860967,8.710430420269093,17.353354092195218,10.266994849081003,-10.367029531455188,8.642923671926127,7.673861546209082e-13,0,1,spring_equinox__axis,spring equinox / axis
spring_equinox,Spring equinox,axis,2026-03-20 13:11:00 Asia/Yerevan,5.0,18.0,5.0,13.94427190999916,61447,237.1977021935532,128.87734005299205,148.2277125582226,16.692541334043312,24.90197070665972,31.76716100326473,26.134580848599263,-1.3074586659566876,6.9019707066597205,13.767161003264732,8.134580848599262,-8.209429372616409,6.865190296605011,9.379164112033322e-13,0,1,spring_equinox__axis,spring equinox / axis
spring_equinox,Spring equinox,axis,2026-03-20 13:11:00 Asia/Yerevan,10.0,18.0,5.0,17.64911064067352,61447,237.1977021935532,128.87734005299205,148.2277125582226,16.943416557346836,23.590340446607303,29.15867439891849,24.588347180903806,-1.0565834426531635,5.590340446607304,11.158674398918492,6.588347180903805,-6.646923889260467,5.568333952311189,1.1368683772161605e-12,0,1,spring_equinox__axis,spring equinox / axis
spring_equinox,Spring equinox,evening,2026-03-20 18:09:00 Asia/Yerevan,0.0,18.0,5.0,5.0,42666,237.81145675266828,67.51494650799361,111.83339930060076,14.931833834213649,24.828007236510047,49.19490788102053,31.324096124104745,-3.0681661657863515,6.82800723651005,31.194907881020526,13.324096124104743,-9.896173402296398,24.36690064451048,4.547473508864641e-13,0,2,spring_equinox__evening,spring equinox / evening
spring_equinox,Spring equinox,evening,2026-03-20 18:09:00 Asia/Yerevan,2.0,18.0,5.0,10.65685424949238,42666,237.81145675266828,67.51494650799361,111.83339930060076,16.343400888813903,21.78198470424863,35.40185222502089,25.35200338232673,-1.6565991111860967,3.781984704248628,17.40185222502089,7.352003382326731,-5.4385838154347255,13.61986752077226,7.673861546209082e-13,0,2,spring_equinox__evening,spring equinox / evening
spring_equinox,Spring equinox,evening,2026-03-20 18:09:00 Asia/Yerevan,5.0,18.0,5.0,13.94427190999916,42666,237.81145675266828,67.51494650799361,111.83339930060076,16.692541334043312,20.996965088581128,31.805825954183437,23.822493520900554,-1.3074586659566876,2.9969650885811294,13.805825954183431,5.822493520900556,-4.304423754537815,10.808860865602306,9.379164112033322e-13,0,2,spring_equinox__evening,spring equinox / evening
spring_equinox,Spring equinox,evening,2026-03-20 18:09:00 Asia/Yerevan,10.0,18.0,5.0,17.64911064067352,42666,237.81145675266828,67.51494650799361,111.83339930060076,16.943416557346836,20.42751962898126,29.190101693830456,22.71456961555758,-1.0565834426531635,2.427519628981258,11.190101693830456,4.714569615557578,-3.484103071634422,8.762582064849198,1.1368683772161605e-12,0,2,spring_equinox__evening,spring equinox / evening
summer_solstice,Summer solstice,morning,2026-06-22 07:18:00 Asia/Yerevan,0.0,32.0,18.0,5.0,41749,237.8011684366671,65.37122004879599,110.66085976930128,28.33829602487356,37.58537769361051,61.39212519861337,43.99182072665435,-3.661703975126443,5.585377693610504,29.39212519861337,11.991820726654348,-9.247081668736952,23.80674750500286,4.547473508864641e-13,1,0,summer_solstice__morning,summer solstice / morning
summer_solstice,Summer solstice,morning,2026-06-22 07:18:00 Asia/Yerevan,2.0,32.0,18.0,10.65685424949238,41749,237.8011684366671,65.37122004879599,110.66085976930128,29.990514252964203,35.15171984569287,48.663839116346935,38.72743927763337,-2.0094857470357965,3.151719845692871,16.663839116346935,6.727439277633371,-5.161205592728663,13.512119270654068,7.673861546209082e-13,1,0,summer_solstice__morning,summer solstice / morning
summer_solstice,Summer solstice,morning,2026-06-22 07:18:00 Asia/Yerevan,5.0,32.0,18.0,13.94427190999916,41749,237.8011684366671,65.37122004879599,110.66085976930128,30.407463741033094,34.50915706996101,45.27739157952385,37.350838974818885,-1.592536258966902,2.5091570699610184,13.27739157952385,5.350838974818887,-4.101693328927915,10.768234509562838,9.379164112033322e-13,1,0,summer_solstice__morning,summer solstice / morning
summer_solstice,Summer solstice,morning,2026-06-22 07:18:00 Asia/Yerevan,10.0,32.0,18.0,17.64911064067352,41749,237.8011684366671,65.37122004879599,110.66085976930128,30.709177027331293,34.039165047636224,42.79559140081528,36.34620410244711,-1.2908229726687068,2.039165047636224,10.795591400815283,4.346204102447113,-3.3299880203049312,8.756426353179059,1.1652900866465645e-12,1,0,summer_solstice__morning,summer solstice / morning
summer_solstice,Summer solstice,axis,2026-06-22 13:05:00 Asia/Yerevan,0.0,32.0,18.0,5.0,67082,237.05330025680263,148.93024911600926,156.90270856229276,28.33829602487356,49.2909031614396,61.2930245438082,50.412527624446206,-3.661703975126443,17.290903161439605,29.2930245438082,18.41252762444621,-20.952607136566044,12.0021213823686,4.547473508864641e-13,1,1,summer_solstice__axis,summer solstice / axis
summer_solstice,Summer solstice,axis,2026-06-22 13:05:00 Asia/Yerevan,2.0,32.0,18.0,10.65685424949238,67082,237.05330025680263,148.93024911600926,156.90270856229276,29.990514252964203,41.72919906952857,48.60597274428381,42.3575884612623,-2.0094857470357965,9.729199069528566,16.605972744283804,10.357588461262305,-11.738684816564366,6.876773674755235,7.673861546209082e-13,1,1,summer_solstice__axis,summer solstice / axis
summer_solstice,Summer solstice,axis,2026-06-22 13:05:00 Asia/Yerevan,5.0,32.0,18.0,13.94427190999916,67082,237.05330025680263,148.93024911600926,156.90270856229276,30.407463741033094,39.74219539897796,45.23105745150144,40.24189757517545,-1.592536258966902,7.742195398977956,13.231057451501442,8.241897575175445,-9.334731657944856,5.488862052523487,9.379164112033322e-13,1,1,summer_solstice__axis,summer solstice / axis
summer_solstice,Summer solstice,axis,2026-06-22 13:05:00 Asia/Yerevan,10.0,32.0,18.0,17.64911064067352,67082,237.05330025680263,148.93024911600926,156.90270856229276,30.709177027331293,38.29038651124928,42.75781021813782,38.69622001735746,-1.2908229726687068,6.29038651124928,10.75781021813782,6.696220017357469,-7.581209483917988,4.467423706888539,1.1652900866465645e-12,1,1,summer_solstice__axis,summer solstice / axis
summer_solstice,Summer solstice,evening,2026-06-22 18:52:00 Asia/Yerevan,0.0,32.0,18.0,5.0,41683,237.8066590799308,65.20594304493108,110.55585281324312,28.33829602487356,37.56214620289702,61.392852658563584,43.977217494812194,-3.661703975126443,5.562146202897023,29.392852658563584,11.977217494812198,-9.22385017802346,23.830706455666565,4.547473508864641e-13,1,2,summer_solstice__evening,summer solstice / evening
summer_solstice,Summer solstice,evening,2026-06-22 18:52:00 Asia/Yerevan,2.0,32.0,18.0,10.65685424949238,41683,237.8066590799308,65.20594304493108,110.55585281324312,29.990514252964203,35.138696290076496,48.66426393514428,38.71919186995043,-2.0094857470357965,3.138696290076494,16.664263935144277,6.71919186995043,-5.148182037112292,13.52556764506778,7.673861546209082e-13,1,2,summer_solstice__evening,summer solstice / evening
summer_solstice,Summer solstice,evening,2026-06-22 18:52:00 Asia/Yerevan,5.0,32.0,18.0,13.94427190999916,41683,237.8066590799308,65.20594304493108,110.55585281324312,30.407463741033094,34.49879953610669,45.27773174181743,37.344271903718976,-1.592536258966902,2.4987995361066853,13.277731741817432,5.34427190371898,-4.09133579507359,10.778932205710746,9.379164112033322e-13,1,2,summer_solstice__evening,summer solstice / evening
summer_solstice,Summer solstice,evening,2026-06-22 18:52:00 Asia/Yerevan,10.0,32.0,18.0,17.64911064067352,41683,237.8066590799308,65.20594304493108,110.55585281324312,30.709177027331293,34.03075266946656,42.79586877447355,36.34086657358818,-1.2908229726687068,2.030752669466559,10.795868774473549,4.340866573588176,-3.321575642135265,8.765116105006989,1.1652900866465645e-12,1,2,summer_solstice__evening,summer solstice / evening
winter_solstice,Winter solstice,morning,2026-12-22 09:24:00 Asia/Yerevan,0.0,-5.0,-18.0,5.0,45095,237.7649678703386,73.76100987124427,115.59844440914615,-7.5192255767722145,3.90494297110615,28.72054271475497,10.384760758391495,-2.5192255767722145,8.904942971106149,33.72054271475497,15.384760758391495,-11.424168547878365,24.81559974364882,3.979039320256561e-13,2,0,winter_solstice__morning,winter solstice / morning
winter_solstice,Winter solstice,morning,2026-12-22 09:24:00 Asia/Yerevan,2.0,-5.0,-18.0,10.65685424949238,45095,237.7649678703386,73.76100987124427,115.59844440914615,-6.325765648139736,-0.2020061311069405,13.3251978155306,3.2714060193901178,-1.3257656481397362,4.79799386889306,18.3251978155306,8.271406019390117,-6.123759517032796,13.527203946637542,7.389644451905042e-13,2,0,winter_solstice__morning,winter solstice / morning
winter_solstice,Winter solstice,morning,2026-12-22 09:24:00 Asia/Yerevan,5.0,-5.0,-18.0,13.94427190999916,45095,237.7649678703386,73.76100987124427,115.59844440914615,-6.039765564474578,-1.2237802016007562,9.441534138487556,1.5078590846080615,-1.0397655644745782,3.776219798399244,14.441534138487556,6.507859084608062,-4.815985362873822,10.665314340088312,9.094947017729282e-13,2,0,winter_solstice__morning,winter solstice / morning
winter_solstice,Winter solstice,morning,2026-12-22 09:24:00 Asia/Yerevan,10.0,-5.0,-18.0,17.64911064067352,45095,237.7649678703386,73.76100987124427,115.59844440914615,-5.836456905055229,-1.9561217571252625,6.649375346711054,0.244814320350127,-0.8364569050552291,3.043878242874737,11.649375346711054,5.244814320350127,-3.880335147929967,8.605497103836315,1.1084466677857565e-12,2,0,winter_solstice__morning,winter solstice / morning
winter_solstice,Winter solstice,axis,2026-12-22 13:02:00 Asia/Yerevan,0.0,-5.0,-18.0,5.0,53411,237.42999777423765,99.91224566694264,132.20306936810468,-7.5192255767722145,7.918093223182559,28.671793756592933,12.907308873981446,-2.5192255767722145,12.91809322318256,33.67179375659293,17.907308873981446,-15.437318799954774,20.75370053341037,3.979039320256561e-13,2,1,winter_solstice__axis,winter solstice / axis
winter_solstice,Winter solstice,axis,2026-12-22 13:02:00 Asia/Yerevan,2.0,-5.0,-18.0,10.65685424949238,53411,237.42999777423765,99.91224566694264,132.20306936810468,-6.325765648139736,1.9635173210116788,13.297867557532411,4.642546034450702,-1.3257656481397362,6.963517321011678,18.297867557532413,9.642546034450705,-8.289282969151415,11.334350236520734,7.389644451905042e-13,2,1,winter_solstice__axis,winter solstice / axis
winter_solstice,Winter solstice,axis,2026-12-22 13:02:00 Asia/Yerevan,5.0,-5.0,-18.0,13.94427190999916,53411,237.42999777423765,99.91224566694264,132.20306936810468,-6.039765564474578,0.4809798595590678,9.419894779831791,2.588431648697425,-1.0397655644745782,5.480979859559069,14.419894779831791,7.5884316486974255,-6.520745424033646,8.938914920272726,9.094947017729282e-13,2,1,winter_solstice__axis,winter solstice / axis
winter_solstice,Winter solstice,axis,2026-12-22 13:02:00 Asia/Yerevan,10.0,-5.0,-18.0,17.64911064067352,53411,237.42999777423765,99.91224566694264,132.20306936810468,-5.836456905055229,-0.5817908221251673,6.631873816700704,1.1164744401529911,-0.8364569050552291,4.418209177874833,11.631873816700704,6.116474440152992,-5.254666082930061,7.213664638825872,1.1368683772161605e-12,2,1,winter_solstice__axis,winter solstice / axis
winter_solstice,Winter solstice,evening,2026-12-22 16:40:00 Asia/Yerevan,0.0,-5.0,-18.0,5.0,45143,237.64375573299333,73.88937206676226,115.67648565833656,-7.5192255767722145,3.924710322769261,28.702903180044014,10.396670172918652,-2.5192255767722145,8.924710322769261,33.70290318004402,15.396670172918652,-11.443935899541476,24.77819285727476,3.979039320256561e-13,2,2,winter_solstice__evening,winter solstice / evening
winter_solstice,Winter solstice,evening,2026-12-22 16:40:00 Asia/Yerevan,2.0,-5.0,-18.0,10.65685424949238,45143,237.64375573299333,73.88937206676226,115.67648565833656,-6.325765648139736,-0.1913663207069651,13.315308217796089,3.277858472269989,-1.3257656481397362,4.808633679293035,18.315308217796087,8.27785847226999,-6.134399327432771,13.506674538503052,7.389644451905042e-13,2,2,winter_solstice__evening,winter solstice / evening
winter_solstice,Winter solstice,evening,2026-12-22 16:40:00 Asia/Yerevan,5.0,-5.0,-18.0,13.94427190999916,45143,237.64375573299333,73.88937206676226,115.67648565833656,-6.039765564474578,-1.215407426741732,9.433703786245474,1.51294166960365,-1.0397655644745782,3.784592573258269,14.433703786245474,6.51294166960365,-4.824358137732847,10.649111212987206,9.094947017729282e-13,2,2,winter_solstice__evening,winter solstice / evening
winter_solstice,Winter solstice,evening,2026-12-22 16:40:00 Asia/Yerevan,10.0,-5.0,-18.0,17.64911064067352,45143,237.64375573299333,73.88937206676226,115.67648565833656,-5.836456905055229,-1.9493732974649165,6.643042279989118,0.2489131367946741,-0.8364569050552291,3.050626702535084,11.643042279989118,5.248913136794673,-3.887083607590313,8.592415577454034,1.1368683772161605e-12,2,2,winter_solstice__evening,winter solstice / evening
