case_key,case_label,time_code,selected_local_time,direct_normal_irradiance_input_W_m2,effective_direct_normal_irradiance_W_m2,absorptivity,visible_points,q_abs_visible_min_W_m2,q_abs_visible_mean_W_m2,q_abs_visible_max_W_m2,q_abs_visible_std_W_m2,q_abs_all_points_mean_W_m2,q_abs_all_points_max_W_m2,q_abs_grid_sum_relative_W_m2_points
spring_equinox,Spring equinox,axis,2026-03-20 13:11:00 Asia/Yerevan,850.0,680.0,0.35,64058,0.01447812212114674,148.35346873048366,237.17897839795148,61.219772203934454,134.46756894340587,237.17897839795148,9503226.499937322
spring_equinox,Spring equinox,evening,2026-03-20 18:09:00 Asia/Yerevan,850.0,680.0,0.35,42952,0.00011246958501559545,112.38665727034596,237.81145675266828,65.49753113335201,68.30376102720841,237.81145675266828,4827231.7030759
spring_equinox,Spring equinox,morning,2026-03-20 08:13:00 Asia/Yerevan,850.0,680.0,0.35,42938,0.015104561521840252,112.37865131513703,237.8088524421911,65.49306667265658,68.27663365315402,237.8088524421911,4825314.530169354
summer_solstice,Summer solstice,axis,2026-06-22 13:05:00 Asia/Yerevan,850.0,680.0,0.35,68471,0.3901574750757935,156.4987719232631,237.04423414834574,55.645340255309485,151.6226481450872,237.04423414834574,10715627.412357748
summer_solstice,Summer solstice,evening,2026-06-22 18:52:00 Asia/Yerevan,850.0,680.0,0.35,42500,0.0071116322899848474,111.89667022319388,237.77043622067794,65.58873679614442,67.29031574272692,237.77043622067794,4755608.48448574
summer_solstice,Summer solstice,morning,2026-06-22 07:18:00 Asia/Yerevan,850.0,680.0,0.35,42588,0.006714237015863933,112.0343764016074,237.8011684366671,65.60763153087021,67.51262889917868,237.8011684366671,4771320.022191655
winter_solstice,Winter solstice,axis,2026-12-22 13:02:00 Asia/Yerevan,850.0,680.0,0.35,56234,0.015879978906284283,133.96119088137084,237.39755274513186,66.11508833649911,106.59196026803741,237.39755274513186,7533173.608023008
winter_solstice,Winter solstice,evening,2026-12-22 16:40:00 Asia/Yerevan,850.0,680.0,0.35,45212,0.004581283811221719,115.72909782777144,237.75618338733668,65.91159978986005,74.03596806403016,237.75618338733668,5232343.970989203
winter_solstice,Winter solstice,morning,2026-12-22 09:24:00 Asia/Yerevan,850.0,680.0,0.35,45156,2.0796753951723974e-06,115.63914053989957,237.7649678703386,65.9084168247797,73.88678887580411,237.7649678703386,5221801.030219704
