rank_by_sigma_total_upper,source_panel_response_name,case_key,snapshot_code,wind_code,equivalent_panel_count,base_surface_rms_mm,active_panel_u_rms_threshold_mm,primary_weighting,selected_local_time,active_panel_count_upper_threshold,active_panel_fraction_upper_threshold,panel_q_abs_mean_W_m2,panel_q_abs_max_W_m2,panel_delta_rms_mean_C,panel_delta_rms_max_C,u_rms_upper_panel_mean_mm,u_rms_upper_panel_p95_mm,u_rms_upper_panel_max_mm,sigma_T_central_min_mm_weighted_mm,sigma_T_central_min_mm_unweighted_mm,sigma_T_central_min_mm_primary_mm,sigma_total_central_min_mm_primary_mm,f10_sigma_T_central_min_mm_GHz,f10_sigma_total_central_min_mm_GHz,eta_R_sigma_T_central_min_mm_4p5_GHz,eta_R_sigma_total_central_min_mm_4p5_GHz,eta_R_sigma_T_central_min_mm_30p0_GHz,eta_R_sigma_total_central_min_mm_30p0_GHz,eta_R_sigma_T_central_min_mm_100p0_GHz,eta_R_sigma_total_central_min_mm_100p0_GHz,sigma_T_central_max_mm_weighted_mm,sigma_T_central_max_mm_unweighted_mm,sigma_T_central_max_mm_primary_mm,sigma_total_central_max_mm_primary_mm,f10_sigma_T_central_max_mm_GHz,f10_sigma_total_central_max_mm_GHz,eta_R_sigma_T_central_max_mm_4p5_GHz,eta_R_sigma_total_central_max_mm_4p5_GHz,eta_R_sigma_T_central_max_mm_30p0_GHz,eta_R_sigma_total_central_max_mm_30p0_GHz,eta_R_sigma_T_central_max_mm_100p0_GHz,eta_R_sigma_total_central_max_mm_100p0_GHz,sigma_T_central_mid_mm_weighted_mm,sigma_T_central_mid_mm_unweighted_mm,sigma_T_central_mid_mm_primary_mm,sigma_total_central_mid_mm_primary_mm,f10_sigma_T_central_mid_mm_GHz,f10_sigma_total_central_mid_mm_GHz,eta_R_sigma_T_central_mid_mm_4p5_GHz,eta_R_sigma_total_central_mid_mm_4p5_GHz,eta_R_sigma_T_central_mid_mm_30p0_GHz,eta_R_sigma_total_central_mid_mm_30p0_GHz,eta_R_sigma_T_central_mid_mm_100p0_GHz,eta_R_sigma_total_central_mid_mm_100p0_GHz,sigma_T_upper_mm_weighted_mm,sigma_T_upper_mm_unweighted_mm,sigma_T_upper_mm_primary_mm,sigma_total_upper_mm_primary_mm,f10_sigma_T_upper_mm_GHz,f10_sigma_total_upper_mm_GHz,eta_R_sigma_T_upper_mm_4p5_GHz,eta_R_sigma_total_upper_mm_4p5_GHz,eta_R_sigma_T_upper_mm_30p0_GHz,eta_R_sigma_total_upper_mm_30p0_GHz,eta_R_sigma_T_upper_mm_100p0_GHz,eta_R_sigma_total_upper_mm_100p0_GHz
1,panel_response_winter_solstice_peak_v00.csv,winter_solstice,peak,v00,3737,0.07,0.001,weighted_by_grid_points,,3355,0.8977789670858978,98.6959817251415,237.4461128092593,0.5251365292024152,5.45333144503615,0.08402184467238638,0.3145866566863394,0.872533031205784,0.06940113203445841,0.06873818892277014,0.06940113203445841,0.09857239536332843,111.57919611415059,78.55873333780997,0.9998286440272971,0.9996543481368882,0.9924124582437599,0.9847524781139786,0.9188545083372239,0.8430560917552102,0.08328135844135011,0.08248582670732417,0.08328135844135011,0.1087923924906362,92.98266342845882,71.17889720536662,0.9997532567017624,0.9995789739533065,0.989092204205827,0.9814578516059553,0.8852691309210539,0.8122412491792749,0.07634124523790425,0.07561200781504716,0.07634124523790425,0.10357599009651725,101.435632831046,74.76368330730809,0.9997926630037504,0.9996183733857609,0.9908264035081343,0.9831786654130622,0.9026690836058199,0.8282058398452008,0.13880226406891688,0.13747637784554032,0.13880226406891688,0.15545439366790936,55.789598057075274,49.813468369118475,0.9993147522662795,0.9991405459604437,0.9699935137457623,0.9625065752459593,0.7128316956512499,0.6540285735796032
2,panel_response_winter_solstice_axis_v00.csv,winter_solstice,axis,v00,3737,0.07,0.001,weighted_by_grid_points,,3298,0.8825260904468826,99.89514827162618,237.43817171764545,0.5077852943936353,7.685216995192553,0.08124564710298163,0.32331188250451054,1.2296347192308086,0.06898431770231976,0.06836580947674399,0.06898431770231976,0.09827937773945553,112.25337554591039,78.79295433011352,0.999830695956835,0.999656399708722,0.99250298269881,0.9848423038519568,0.9197862129314606,0.8439109378997962,0.08278118124278372,0.08203897137209279,0.08278118124278372,0.10840998094248798,93.54447962159199,71.42997770588094,0.9997562112588401,0.9995819279953287,0.9892221259067048,0.9815867705003499,0.8865620345402534,0.8134274982125316,0.07588274947255173,0.07520239042441838,0.07588274947255173,0.10323851833261678,102.04852322355491,75.0080749596575,0.9997951457496761,0.99962085569888,0.9909357640900353,0.9832871818904001,0.9037767057983606,0.8292220917417872,0.13796863540463955,0.136731618953488,0.13796863540463955,0.15471051792111085,56.12668777295519,50.05298040412179,0.9993229557910838,0.9991487480551621,0.9703474800772793,0.9628578094724494,0.7157272983725551,0.6566853113888533
3,panel_response_winter_solstice_evening_v00.csv,winter_solstice,evening,v00,3737,0.07,0.001,weighted_by_grid_points,,3434,0.918918918918919,73.77085689270235,237.64375573299333,0.42576403365054627,7.474936677723494,0.06812224538408736,0.26327127787642973,1.195989868435759,0.06604781752994232,0.06748593873811817,0.06604781752994232,0.09624091749598274,117.24418476517155,80.46185264329105,0.9998448018322911,0.9996705031251605,0.9931255065318502,0.9854600227068331,0.9262167334079918,0.8498109899882458,0.07925738103593079,0.08098312648574181,0.07925738103593079,0.10574371115425599,97.70348730430963,73.23104548998255,0.9997765222693143,0.9996022354650707,0.9901157202132488,0.9824734675591061,0.8955012098523071,0.8216292604433468,0.07265259928293656,0.07423453261192998,0.07265259928293656,0.10088805768061429,106.58562251379232,76.7555912943783,0.9998122132773835,0.9996379202512776,0.9916878780192406,0.9840334905944643,0.9114278053512923,0.8362420345381689,0.13209563505988467,0.13497187747623635,0.13209563505988467,0.14949667823023438,58.62209238258577,51.79862598613108,0.9993793518330397,0.999205134265835,0.9727842808060333,0.9652758016453379,0.7359536973339992,0.6752431882931896
4,panel_response_summer_solstice_peak_v00.csv,summer_solstice,peak,v00,3737,0.07,0.001,weighted_by_grid_points,,3737,1.0,128.81139900890855,237.17600323850337,0.6238272845960535,4.942356951771769,0.09981236553536853,0.24923135133541324,0.7907771122834831,0.06303967073839169,0.0627441623716711,0.06303967073839169,0.0942019112693837,122.83887956763871,82.20345444661547,0.999858615917122,0.9996843148018406,0.993735522901773,0.9860653306380079,0.9325577152772122,0.8556288897145358,0.07564760488607004,0.07529299484600534,0.07564760488607004,0.10306580482875477,102.36573297303224,75.13377045551815,0.9997964132534835,0.9996221229817287,0.9909915999479509,0.9833425867767388,0.9043426974725746,0.8297413934642028,0.06934363781223087,0.06901857860883823,0.06934363781223087,0.09853192429377321,111.67170869785336,78.59100060533645,0.999828927799473,0.9996546318595952,0.9924249768679609,0.9847649001126164,0.9189833025450431,0.8431742614333253,0.1260793414767834,0.12548832474334226,0.1260793414767834,0.14420818405076516,61.41943978381934,53.698218119790596,0.999434583593937,0.9992603563984135,0.9751765718226724,0.9676496276563233,0.7563152856104842,0.6939251024357952
5,panel_response_summer_solstice_axis_v00.csv,summer_solstice,axis,v00,3737,0.07,0.001,weighted_by_grid_points,,3737,1.0,148.93666025806928,237.0705323056532,0.5869228081690476,4.893552811462253,0.09390764930704759,0.24839388438184384,0.7829684498339604,0.05936492787752959,0.059360788257011056,0.05936492787752959,0.09178341169244196,130.4427175889486,84.3695214530205,0.9998746177638871,0.9997003138590715,0.9944426065576859,0.9867669566369663,0.9399571069945568,0.862417888632198,0.07123791345303553,0.07123294590841327,0.07123791345303553,0.0998741223397842,108.70226465745715,77.53482424077566,0.9998194545604334,0.9996451602719854,0.9920071478633232,0.9843502961399164,0.914693455374815,0.8392382935986522,0.06530142066528255,0.06529686708271216,0.06530142066528255,0.09573022271416792,118.584288717226,80.89109481065519,0.999848289491685,0.9996739901765656,0.9932794835827409,0.9856128112789412,0.9278135771247142,0.8512761064030305,0.11872985575505923,0.11872157651402217,0.11872985575505923,0.13782880195233932,65.22135879447427,56.18363079506883,0.9994985653718952,0.9993243270226995,0.9779550483638595,0.9704066584015415,0.7806064647775072,0.7162124465004556
6,panel_response_spring_equinox_peak_v00.csv,spring_equinox,peak,v00,3737,0.07,0.001,weighted_by_grid_points,,3678,0.9842119347069842,127.5461025960678,237.19516136788337,0.5612096141896651,6.086528449435304,0.08979353827034636,0.2435021234484723,0.9738445519096486,0.05898776686843452,0.05891128872606948,0.05898776686843452,0.09153991828773272,131.27675334935773,84.59394181974741,0.9998762057773433,0.9997019015956962,0.9945128039246578,0.9868366121824086,0.940694606303973,0.8630945499314865,0.07078532024212143,0.07069354647128338,0.07078532024212143,0.09955180340797291,109.3972944577981,77.78585878632828,0.9998217411744496,0.9996474464873858,0.9921079860754924,0.9844503560278163,0.9157270889163509,0.8401866603378123,0.06488654355527797,0.06480241759867644,0.06488654355527797,0.09544770051997578,119.34250304487068,81.13052990937429,0.9998502109376913,0.9996759112876143,0.9933643236791949,0.9856969965333005,0.9286944950471909,0.8520843553849333,0.11797553373686907,0.11782257745213902,0.11797553373686907,0.13717954133360824,65.63837667467885,56.44954376239575,0.9995049150518422,0.9993306755957339,0.9782312116668307,0.9706806901256558,0.7830592346947735,0.7184628817996928
7,panel_response_spring_equinox_axis_v00.csv,spring_equinox,axis,v00,3737,0.07,0.001,weighted_by_grid_points,,3654,0.9777896708589778,128.9473466648448,237.209130200762,0.5457566523523288,5.762062105452211,0.08732106437637255,0.24296384558479822,0.9219299368723536,0.05815184387035849,0.05811219797593245,0.05815184387035849,0.09100349963337977,133.16383465123573,85.09257943940129,0.9998796893140417,0.9997053845251243,0.9946668089472859,0.986989428510353,0.9423144409226584,0.8645807606759818,0.06978221264443019,0.06973463757111895,0.06978221264443019,0.09884107041889253,110.96986220936311,78.34519080983927,0.9998267571978956,0.9996524616364098,0.9923292245924449,0.9846698869053393,0.9179986008150688,0.8422707900083235,0.06396702825739434,0.06392341777352571,0.06396702825739434,0.0948250004169907,121.05803150112341,81.66330068825792,0.9998544259090544,0.9996801255241993,0.9935504575872837,0.9858816937584599,0.9306298416037558,0.8538600507636522,0.11630368774071702,0.11622439595186494,0.11630368774071702,0.13574442081385965,66.58191732561785,57.046341023735486,0.999518844097168,0.999344602212868,0.9788372873927212,0.9712820878288363,0.78846675578654,0.7234243240697625
8,panel_response_winter_solstice_peak_v02.csv,winter_solstice,peak,v02,3737,0.07,0.001,weighted_by_grid_points,,3145,0.8415841584158416,97.12509541247337,237.44680984354287,0.32314506987678776,5.839698056265909,0.05170321118028601,0.2719568232805021,0.9343516890025454,0.05372598910716902,0.05311346672572183,0.05372598910716902,0.08824104433620245,144.1336427770596,87.75646956662203,0.9998973048607315,0.9997229970009704,0.9954459385387513,0.9877625443550747,0.950548347301129,0.872135433225691,0.06447118692860282,0.0637361600708662,0.06447118692860282,0.09516582340306234,120.111368980883,81.37083508455946,0.9998521223405825,0.9996778223572987,0.9934487273570033,0.985780748737531,0.9295716367045054,0.8528891396144511,0.059098588017885915,0.05842481339829401,0.059098588017885915,0.09161136995868913,131.03058434278145,84.52796334460251,0.9998757402214277,0.9997014361209389,0.9944922237486726,0.986816190855436,0.9404783347428578,0.8628961191076541,0.10745197821433805,0.10622693345144367,0.10745197821433805,0.12824167661947725,72.06682138852979,60.38382159330553,0.9995892827163434,0.9994150285527775,0.9819078136444984,0.9743289140858369,0.8163884359038448,0.7490426807316152
9,panel_response_winter_solstice_axis_v02.csv,winter_solstice,axis,v02,3737,0.07,0.001,weighted_by_grid_points,,3276,0.8766390152528767,99.89514827162618,237.43817171764545,0.3399920593064655,5.667209361290138,0.054398729489034445,0.25313730799486633,0.906753497806422,0.051543710633537125,0.051084263625918364,0.051543710633537125,0.08692959280862765,150.2360312565159,89.08039565840852,0.9999054777210281,0.999731168436527,0.9958076239152418,0.9881214380467429,0.9543928738954561,0.8756628160004979,0.06185245276024456,0.061301116351102046,0.06185245276024456,0.09341159410083036,125.19669271376324,82.89894414453697,0.9998638907487677,0.9996895887139473,0.9939685508848008,0.986296559984083,0.9349903975726395,0.8578608944659478,0.05669808169689084,0.05619268998851021,0.05669808169689084,0.09008147683129596,136.57821023319627,85.9635387230528,0.9998856291775956,0.9997113233532069,0.9949294604403197,0.9872500527160416,0.9450828829430402,0.8671208275622809,0.10308742126707428,0.10216852725183675,0.10308742126707428,0.12460744930980347,75.11801562825794,62.14494048878391,0.9996219644875018,0.9994477046266612,0.9833356573322027,0.9757457368979108,0.8296764286276874,0.7612345164481386
10,panel_response_spring_equinox_evening_v00.csv,spring_equinox,evening,v00,3737,0.07,0.001,weighted_by_grid_points,,3702,0.9906341985549907,67.15602252725974,237.80756469388737,0.3433275499100202,9.986754030390983,0.05493240798560318,0.14525978270809006,1.597880644862557,0.049386051758742326,0.05074688006900764,0.049386051758742326,0.08566785924906246,156.79978953664988,90.39238974448449,0.9999132253000511,0.9997389146649474,0.9961506073096004,0.9884617741083681,0.958051674000812,0.8790197932905334,0.059263262110490794,0.06089625608280917,0.059263262110490794,0.09171768769423232,130.66649128054155,84.42997982715018,0.9998750468175682,0.9997007428379575,0.9944615721906637,0.9867857758828542,0.9401563096021719,0.862600658559667,0.05432465693461656,0.055821568075908407,0.05432465693461656,0.0886068188745301,142.54526321513626,87.39420532388412,0.9998950035697509,0.9997206961111642,0.9953441193608069,0.9876615110730281,0.9494686076659303,0.8711447637903186,0.09877210351748467,0.1014937601380153,0.09877210351748467,0.12106167202409154,78.39989476832493,63.96510466397554,0.9996529463766821,0.9994786811149,0.9846911082439838,0.9770907257009538,0.8424725052286167,0.7729750153313639
11,panel_response_winter_solstice_evening_v02.csv,winter_solstice,evening,v02,3737,0.07,0.001,weighted_by_grid_points,,3176,0.8498795825528499,73.77085689270235,237.64375573299333,0.25198673332172183,5.736232717856378,0.04031787733147546,0.14167024879621876,0.9177972348570204,0.04912067464540138,0.050487595731963916,0.04912067464540138,0.08551514881948916,157.64690891805276,90.553809806995,0.9999141553263227,0.9997398445290914,0.9961917871031145,0.9885026360537965,0.9584918195867422,0.8794236302572249,0.058944809574481664,0.0605851148783567,0.058944809574481664,0.0915122427644078,131.37242409837728,84.61952508095114,0.9998763860045388,0.9997020817914734,0.994520771086737,0.9868445178495894,0.9407783432286955,0.8631713792051654,0.05403274210994152,0.05553635530516031,0.05403274210994152,0.088428147215236,143.3153717436843,87.57078787332848,0.9998961288811421,0.9997218212263846,0.9953939067864569,0.9877109142121971,0.9499964379986409,0.8716290521878475,0.09824134929080279,0.10097519146392785,0.09824134929080279,0.1206290293025585,78.82345445902635,64.1945190688246,0.9996566655186081,0.9994823996084838,0.9848539426213794,0.9772523032338943,0.8440217584808384,0.7743964671282546
12,panel_response_winter_solstice_peak_v05.csv,winter_solstice,peak,v05,3737,0.07,0.001,weighted_by_grid_points,,3052,0.8166978860048167,94.38422019931372,237.5149460714203,0.2630866794863257,5.626164519552928,0.042093868717812066,0.22909553478098477,0.9001863231284685,0.04894071757078923,0.048593896979715556,0.04894071757078923,0.08541190687687378,158.2265832252287,90.66326704284826,0.9999147831434827,0.9997404722368067,0.996219586593054,0.9885302209721244,0.9587890553365346,0.879696346348049,0.05872886108494707,0.05831267637565867,0.05872886108494707,0.09137329546609892,131.85548602102392,84.7482022216212,0.9998772900272256,0.9997029856565657,0.9945607354489969,0.9868841737451244,0.9411984813236725,0.8635568591447369,0.05383478932786815,0.05345328667768712,0.05383478932786815,0.08830733005801923,143.84234838657156,87.6905973346624,0.9998968885262608,0.9997225807390776,0.9954275173265615,0.9877442653278385,0.9503529171366649,0.8719561245438819,0.09788143514157849,0.09718779395943113,0.09788143514157849,0.12033609327784842,79.11329161261433,64.35078878568153,0.9996591761429313,0.9994849097951406,0.9849638796181291,0.9773613916769973,0.845069196365741,0.7753574994588249
13,panel_response_winter_solstice_morning_v00.csv,winter_solstice,morning,v00,3737,0.07,0.001,weighted_by_grid_points,,2462,0.6588172330746588,72.89441205583778,237.68781008323293,0.18599143555617956,7.254766759688549,0.029758629688988705,0.03397715159174415,1.1607626815501677,0.048581985174836584,0.05015179233277172,0.048581985174836584,0.08520686171622589,159.39493814319914,90.88144271299059,0.9999160277811386,0.9997417166574903,0.9962747008869517,0.9885849098638694,0.9593785925192146,0.8802372512559152,0.05829838220980389,0.06018215079932607,0.05829838220980389,0.09109720834515392,132.82911511933264,85.00504749253204,0.9998790822387371,0.9997047775556486,0.9946399688429249,0.986962795572543,0.9420319524920133,0.8643215753641127,0.05344018369232024,0.0551669715660489,0.05344018369232024,0.08806732216360919,144.90448922109013,87.92957854936031,0.9998983945110695,0.9997240864613544,0.9954941529870587,0.9878103866579974,0.9510600262747622,0.8726049026268099,0.09716397034967318,0.10030358466554345,0.09716397034967318,0.11975323433674838,79.69746907159956,64.66399479484119,0.9996641534301874,0.9994898862147272,0.9851818640646705,0.9775776936007979,0.8471495680429153,0.7772662565032133
14,panel_response_spring_equinox_peak_v02.csv,spring_equinox,peak,v02,3737,0.07,0.001,weighted_by_grid_points,,3469,0.9282847203639283,120.71142804882429,237.2651664592977,0.3421002875784596,4.500508596050668,0.05473604601255349,0.21786713073318176,0.7200813753681069,0.045868939049901504,0.045682151078230156,0.045868939049901504,0.08368966226221479,168.8227956045023,92.52902105823317,0.9999251443674628,0.9997508316545586,0.9966784869427088,0.9889855792788205,0.9637078137555734,0.8842093450996653,0.05504272685988182,0.054818581293876185,0.05504272685988182,0.08904887298653227,140.68566300375187,86.96036527029436,0.9998922096643176,0.9997179026927806,0.9952205184471571,0.9875388641785814,0.9481593838510126,0.8699435408517331,0.05045583295489166,0.05025036618605317,0.05045583295489166,0.08628899743983547,153.4752687313657,89.74171390988941,0.9999094253965517,0.9997351154238691,0.9959823721011415,0.9882948374309215,0.9562554208683681,0.8773717172002484,0.09173787809980304,0.09136430215646034,0.09173787809980304,0.11539427316056167,84.41139780225112,67.10664498091808,0.9997006110883679,0.9995263375173988,0.986779996008795,0.979163490291737,0.8625445214678157,0.7913912448984237
15,panel_response_winter_solstice_axis_v05.csv,winter_solstice,axis,v05,3737,0.07,0.001,weighted_by_grid_points,,3253,0.8704843457318705,99.89514827162618,237.43817171764545,0.284822556882026,4.809493672499222,0.04557160910112413,0.22928907061267007,0.7695189875998756,0.04577872717741126,0.045367516558914814,0.04577872717741126,0.08364025264179833,169.15547895874886,92.58368162732032,0.999925438508765,0.9997511257445844,0.9966915175261777,0.9889985092851455,0.963847817726776,0.884337799822063,0.05493447261289351,0.054441019870697785,0.05493447261289351,0.0889819997598208,140.96289913229072,87.02571916475986,0.9998926332138691,0.9997183261684965,0.9952392550926937,0.9875574562044779,0.9483577432089175,0.8701255370910953,0.05035659989515238,0.0499042682148063,0.05035659989515238,0.0862310103906968,153.77770814431716,89.8020617725748,0.9999097813019433,0.9997354712672172,0.9959981281165441,0.9883104718328115,0.9564235182230928,0.8775259478185049,0.09155745435482253,0.09073503311782964,0.09155745435482253,0.1152508891416262,84.57773947937442,67.19013258371491,0.9997017873898978,0.9995275136138689,0.9868316017028628,0.9792146976649375,0.8630458600455719,0.7918512269066463
16,panel_response_summer_solstice_peak_v02.csv,summer_solstice,peak,v02,3737,0.07,0.001,weighted_by_grid_points,,3725,0.9967888680759968,142.4965953412635,237.18645324677072,0.3872280299307328,5.361993979600372,0.06195648478891719,0.20139136139958247,0.8579190367360596,0.04528680874157847,0.04474472312662297,0.04528680874157847,0.08337202795900019,170.99289477439535,92.88154206378452,0.9999270322523872,0.999752719210376,0.9967621239350094,0.9890685707152397,0.9646067532191248,0.8850341289843715,0.054344170489894164,0.053693667751947574,0.054344170489894164,0.08861878393565714,142.4940789786628,87.38240560194697,0.9998949281301963,0.9997206206847608,0.9953407817573059,0.9876581992309696,0.9494332330098831,0.8711123072708112,0.049815489615736314,0.049219195439285275,0.049815489615736314,0.08591613937820725,155.44808615854123,90.13117416424673,0.9999117097018528,0.999737399330957,0.9960835030707549,0.988395187816604,0.9573348319447602,0.878362085180384,0.09057361748315697,0.08948944625324597,0.09057361748315697,0.1144708704605029,85.49644738719765,67.64797446428778,0.999708160953748,0.9995338860666428,0.9871112631169051,0.9794922004997956,0.8657673276736343,0.7943481944260249
17,panel_response_summer_solstice_axis_v02.csv,summer_solstice,axis,v02,3737,0.07,0.001,weighted_by_grid_points,,3737,1.0,148.93666025806928,237.0705323056532,0.3972174291124657,4.183281693324003,0.06355478865799448,0.19762241792543395,0.6693250709318405,0.04491667105643091,0.04478239584402052,0.04491667105643091,0.08317155366344685,172.4019687943502,93.10542103315537,0.9999282200939393,0.9997539068448567,0.9968147511538181,0.9891207917284965,0.9651727873355115,0.8855534696478076,0.05390000526771709,0.05373887501282463,0.05390000526771709,0.08834710277003956,143.66830732862516,87.65112017281636,0.9998966385675605,0.9997223308239516,0.9954164577676453,0.9877332911326244,0.9502356041279163,0.8718484889543842,0.049408338162073996,0.04926063542842258,0.049408338162073996,0.08568070891360469,156.72906254031838,90.37883346209475,0.9999131469682856,0.9997388363468371,0.9961471390040627,0.9884583325731026,0.9580146118067757,0.8789857884419175,0.08983334211286184,0.08956479168804109,0.08983334211286184,0.11388603669970467,86.20098439717508,67.99536401671071,0.9997129112884073,0.9995386355731963,0.9873197503117617,0.9796990784768751,0.8678012564597711,0.7962143397600145
18,panel_response_spring_equinox_axis_v02.csv,spring_equinox,axis,v02,3737,0.07,0.001,weighted_by_grid_points,,3641,0.9743109446079743,128.9473466648448,237.209130200762,0.3754849889632468,5.031450867191332,0.06007759823411944,0.20147952185188103,0.8050321387506131,0.04487572584433104,0.0447494349086294,0.04487572584433104,0.08314944840499883,172.55927065512026,93.13017308424325,0.9999283508960926,0.9997540376242078,0.9968205464980875,0.9891265423411408,0.9652351378595682,0.8856106767340799,0.05385087101319725,0.053699321890355284,0.05385087101319725,0.08831713485434188,143.7993922126002,87.68086209531508,0.9998968269167176,0.9997225191402745,0.9954247913675923,0.9877415604093059,0.9503240006142252,0.8719295934117234,0.04936329842876415,0.04922437839949235,0.04936329842876415,0.08565474436227821,156.87206423192748,90.40623002813116,0.9999133052365073,0.9997389945874686,0.9961541466784057,0.9884652861583965,0.9580894969196241,0.8790544961099931,0.08975145168866212,0.08949886981725884,0.08975145168866212,0.11382145263623308,86.27963532756009,68.03394564437157,0.9997134343844633,0.9995391585780632,0.9873427110785425,0.9797218620199464,0.8680255193363693,0.7964201026773808
19,panel_response_summer_solstice_evening_v00.csv,summer_solstice,evening,v00,3737,0.07,0.001,weighted_by_grid_points,,3737,1.0,65.62459858830799,237.84101074951312,0.32796319212299396,7.12021677584697,0.05247411073967898,0.15955720943690538,1.1392346841355152,0.04452362536289386,0.045873495846586676,0.04452362536289386,0.08295994946632577,173.92389902441636,93.34290307107943,0.9999294707811783,0.9997551573140687,0.9968701656808931,0.9891757785360555,0.9657691271344757,0.8861006160085331,0.05342835043547264,0.055048195015904015,0.05342835043547264,0.08806014212034677,144.93658252034695,87.93674794703364,0.9998984395007982,0.9997241314432402,0.9954961437251344,0.9878123620304718,0.9510811584994202,0.8726242916057708,0.04897598789918325,0.05046084543124535,0.04897598789918325,0.085432121539272,158.11263547674213,90.64181460432549,0.9999146602772313,0.9997403493919741,0.9962141460654541,0.9885248224374812,0.9587308779095685,0.8796429681105138,0.08904725072578776,0.09174699169317338,0.08904725072578776,0.11326699811428442,86.96194951220814,68.36697935619,0.9997179129695343,0.9995436363824014,0.9875393153590108,0.979916948801446,0.8699479570200613,0.7981839540657678
20,panel_response_winter_solstice_evening_v05.csv,winter_solstice,evening,v05,3737,0.07,0.001,weighted_by_grid_points,,3009,0.8051913299438052,73.77085689270235,237.64375573299333,0.20417520236075354,4.931443863641013,0.03266803237772053,0.09547638018617735,0.789031018182562,0.04353098040283872,0.044754599826913107,0.04353098040283872,0.08243146398573988,177.88991771276338,93.94134408624005,0.9999325804877571,0.9997582664785455,0.9970079613167903,0.9893125105901485,0.9672534596075607,0.8874625024903101,0.052237176483406464,0.05370551979229574,0.052237176483406464,0.08734255896731304,148.24159809396946,88.65921279813767,0.999902917342368,0.999728608504207,0.9956943019692319,0.9880089907812627,0.9531868014020558,0.8745562351942509,0.0478840784431226,0.049230059809604425,0.0478840784431226,0.08481087765344207,161.71810701160305,91.30577039256254,0.9999184229676882,0.9997441114264971,0.996380771479812,0.9886901617460949,0.9605141187743134,0.8812791053449172,0.08706196080567746,0.08950919965382623,0.08706196080567746,0.1117129581531584,88.94495885638166,69.31803301815941,0.9997303492221463,0.9995560704670543,0.9880854519777381,0.9804588700401539,0.8753085426161242,0.8031023326568619
