date,k_weather,load_start,load_end,load_duration_h,max_mu,time_of_max_mu,daily_mu_integral_h,max_clear_projected_load_w_m2,time_of_max_clear_projected_load,daily_clear_projected_energy_wh_m2,max_effective_load_w_m2,time_of_max_effective_load,daily_effective_energy_wh_m2,max_solar_altitude_deg,time_of_max_solar_altitude
2026-01-01,0.544838710,08:30:00,17:43:00,9.216666667,0.664732233,13:06:33,4.396071330,531.609059176,13:06:33,2988.825302681,289.641193854,13:06:33,1628.427721364,26.661786919,13:06:34
2026-01-02,0.545064516,08:31:00,17:44:00,9.216666667,0.665872360,13:07:01,4.405422837,533.125751320,13:07:01,3000.810291516,290.587929679,13:07:01,1635.635209540,26.749285970,13:07:02
2026-01-03,0.545290323,08:31:00,17:44:00,9.216666667,0.667109447,13:07:29,4.415599560,534.767075648,13:07:29,3013.808375462,291.603311185,13:07:29,1643.400541252,26.844361443,13:07:30
2026-01-04,0.545516129,08:31:00,17:45:00,9.233333333,0.668442492,13:07:56,4.428770730,536.531665533,13:07:57,3027.875493961,292.686677285,13:07:57,1651.754918657,26.946970018,13:07:58
2026-01-05,0.545741935,08:31:00,17:46:00,9.250000000,0.669870452,13:08:24,4.442730447,538.418102418,13:08:24,3042.939805106,293.837337313,13:08:24,1660.659858800,27.057068079,13:08:25
2026-01-06,0.545967742,08:31:00,17:47:00,9.266666667,0.671392230,13:08:50,4.457473587,540.424889343,13:08:51,3058.994007658,295.054556520,13:08:51,1670.112050955,27.174610142,13:08:52
2026-01-07,0.546193548,08:31:00,17:48:00,9.283333333,0.673006650,13:09:16,4.472994353,542.550421897,13:09:17,3076.030087467,296.337540115,13:09:17,1680.107788419,27.299547109,13:09:18
2026-01-08,0.546419355,08:30:00,17:49:00,9.316666667,0.674712442,13:09:42,4.491435222,544.792970012,13:09:43,3094.103772262,297.685423195,13:09:43,1690.678187044,27.431825137,13:09:44
2026-01-09,0.546645161,08:30:00,17:50:00,9.333333333,0.676508241,13:10:07,4.508487453,547.150673582,13:10:08,3113.077742722,299.097268211,13:10:08,1701.748884780,27.571385280,13:10:09
2026-01-10,0.546870968,08:30:00,17:51:00,9.350000000,0.678392593,13:10:32,4.526296564,549.621549244,13:10:33,3133.004696603,300.572068527,13:10:33,1713.349310371,27.718163775,13:10:34
2026-01-11,0.547096774,08:30:00,17:52:00,9.366666667,0.680363951,13:10:56,4.544853541,552.203493141,13:10:57,3153.873073671,302.108749796,13:10:57,1725.473784821,27.872092089,13:10:58
2026-01-12,0.547322581,08:30:00,17:53:00,9.383333333,0.682420691,13:11:20,4.564148636,554.894292091,13:11:20,3175.670494804,303.706175933,13:11:20,1738.116170495,28.033097448,13:11:22
2026-01-13,0.547548387,08:29:00,17:54:00,9.416666667,0.684561110,13:11:43,4.586262160,557.691630084,13:11:43,3198.448792172,305.363152550,13:11:43,1751.305477366,28.201103096,13:11:45
2026-01-14,0.547774194,08:29:00,17:55:00,9.433333333,0.686783433,13:12:05,4.607005736,560.593094870,13:12:06,3222.068060245,307.078430451,13:12:06,1764.965733259,28.376028550,13:12:07
2026-01-15,0.548000000,08:28:00,17:57:00,9.483333333,0.689085819,13:12:27,4.632535154,563.596184761,13:12:27,3246.696517249,308.850709249,13:12:27,1779.189691452,28.557789876,13:12:29
2026-01-16,0.548838710,08:28:00,17:58:00,9.500000000,0.691466364,13:12:48,4.654675976,566.698311282,13:12:48,3272.081960220,311.025969940,13:12:48,1795.845241006,28.746299706,13:12:50
2026-01-17,0.549677419,08:28:00,17:59:00,9.516666667,0.693923101,13:13:08,4.677499230,569.896806271,13:13:09,3298.324679184,313.259405770,13:13:09,1813.014597848,28.941467527,13:13:11
2026-01-18,0.550516129,08:27:00,18:00:00,9.550000000,0.696454012,13:13:28,4.703002702,573.188932148,13:13:28,3325.471741462,315.549752130,13:13:28,1830.725830316,29.143200145,13:13:30
2026-01-19,0.551354839,08:27:00,18:01:00,9.566666667,0.699057028,13:13:46,4.727161138,576.571885285,13:13:47,3353.384553806,317.895698816,13:13:47,1848.904799795,29.351401759,13:13:49
2026-01-20,0.552193548,08:26:00,18:02:00,9.600000000,0.701730037,13:14:05,4.753939163,580.042804962,13:14:06,3382.167230188,320.295894688,13:14:06,1867.610924076,29.565974347,13:14:08
2026-01-21,0.553032258,08:25:00,18:03:00,9.633333333,0.704470888,13:14:22,4.781314413,583.598779345,13:14:23,3411.739217236,322.748950745,13:14:23,1886.801843235,29.786817893,13:14:25
2026-01-22,0.553870968,08:25:00,18:05:00,9.666666667,0.707277394,13:14:39,4.809292258,587.236850527,13:14:40,3442.087865751,325.253442695,13:14:40,1906.472537256,30.013830557,13:14:42
2026-01-23,0.554709677,08:24:00,18:06:00,9.700000000,0.710147332,13:14:54,4.837858663,590.954014907,13:14:55,3473.191810594,327.807910979,13:14:55,1926.613108870,30.246908551,13:14:58
2026-01-24,0.555548387,08:23:00,18:07:00,9.733333333,0.713078445,13:15:09,4.866985445,594.747225633,13:15:10,3505.030913565,330.410861930,13:15:10,1947.214270755,30.485946150,13:15:13
2026-01-25,0.556387097,08:23:00,18:08:00,9.750000000,0.716068446,13:15:24,4.894828732,598.613396547,13:15:25,3537.533797812,333.060769795,13:15:25,1968.238159505,30.730835786,13:15:27
2026-01-26,0.557225806,08:22:00,18:10:00,9.800000000,0.719115012,13:15:37,4.926882434,602.549399457,13:15:38,3570.842484673,335.756075039,13:15:38,1989.765583234,30.981467727,13:15:41
2026-01-27,0.558064516,08:21:00,18:11:00,9.833333333,0.722215798,13:15:49,4.957637101,606.552076415,13:15:51,3604.776153435,338.495191032,13:15:51,2011.697659820,31.237730679,13:15:53
2026-01-28,0.558903226,08:20:00,18:12:00,9.866666667,0.725368444,13:16:01,4.988897043,610.618252780,13:16:02,3639.366186018,341.276511215,13:16:02,2034.053501257,31.499512447,13:16:05
2026-01-29,0.559741935,08:19:00,18:13:00,9.900000000,0.728570586,13:16:12,5.020648015,614.744752325,13:16:13,3674.592152837,344.098417495,13:16:13,2056.823323743,31.766700744,13:16:16
2026-01-30,0.560580645,08:19:00,18:14:00,9.916666667,0.731819872,13:16:22,5.051158451,618.928418147,13:16:23,3710.383190554,346.959291954,13:16:23,2079.969002756,32.039184382,13:16:26
2026-01-31,0.561419355,08:18:00,18:16:00,9.966666667,0.735113979,13:16:31,5.085568289,623.166134259,13:16:32,3746.872143443,349.857529053,13:16:32,2103.566541435,32.316854551,13:16:35
2026-02-01,0.562258065,08:17:00,18:17:00,10.000000000,0.738450616,13:16:40,5.118723178,627.454833680,13:16:41,3783.886545228,352.791540356,13:16:41,2127.520725269,32.599605276,13:16:44
2026-02-02,0.563096774,08:16:00,18:18:00,10.033333333,0.741827524,13:16:47,5.152310190,631.791493462,13:16:48,3821.455500539,355.759751931,13:16:48,2151.849265078,32.887333064,13:16:51
2026-02-03,0.563935484,08:15:00,18:19:00,10.066666667,0.745242458,13:16:54,5.186314936,636.173115539,13:16:55,3859.558952550,358.760593737,13:16:55,2176.542245435,33.179935638,13:16:58
2026-02-04,0.564774194,08:14:00,18:21:00,10.116666667,0.748693172,13:17:00,5.222296815,640.596702475,13:17:01,3898.223289981,361.792486030,13:17:01,2201.615914871,33.477310293,13:17:04
2026-02-05,0.565612903,08:13:00,18:22:00,10.150000000,0.752177405,13:17:05,5.257078057,645.059241351,13:17:06,3937.336031910,364.853830253,13:17:06,2227.008063984,33.779352734,13:17:09
2026-02-06,0.566451613,08:12:00,18:23:00,10.183333333,0.755692871,13:17:09,5.292231428,649.557690748,13:17:10,3976.921200015,367.943001598,13:17:10,2252.733428138,34.085956069,13:17:14
2026-02-07,0.567290323,08:10:00,18:24:00,10.233333333,0.759237263,13:17:13,5.329242770,654.088985016,13:17:14,4017.002069166,371.058351306,13:17:14,2278.806399624,34.397010898,13:17:17
2026-02-08,0.568129032,08:09:00,18:25:00,10.266666667,0.762808258,13:17:15,5.365070359,658.650039673,13:17:17,4057.467303168,374.198209636,13:17:17,2305.164972367,34.712405477,13:17:20
2026-02-09,0.568967742,08:08:00,18:27:00,10.316666667,0.766403522,13:17:17,5.402656294,663.237762339,13:17:19,4098.382814931,377.360892004,13:17:19,2331.847615799,35.032026255,13:17:22
2026-02-10,0.569806452,08:07:00,18:28:00,10.350000000,0.770020719,13:17:19,5.439098299,667.849060013,13:17:20,4139.640140977,380.544703099,13:17:20,2358.793659684,35.355758177,13:17:23
2026-02-11,0.570645161,08:06:00,18:29:00,10.383333333,0.773657508,13:17:19,5.475829922,672.480841340,13:17:20,4181.258725510,383.747938171,13:17:20,2386.015059815,35.683484667,13:17:24
2026-02-12,0.571483871,08:05:00,18:30:00,10.416666667,0.777311556,13:17:19,5.512833723,677.130025586,13:17:20,4223.215538394,386.968888170,13:17:20,2413.499563812,36.015088061,13:17:23
2026-02-13,0.572322581,08:03:00,18:32:00,10.483333333,0.780980535,13:17:18,5.552714760,681.793544666,13:17:19,4265.566259788,390.205840951,13:17:19,2441.279889715,36.350449577,13:17:22
2026-02-14,0.573161290,08:02:00,18:33:00,10.516666667,0.784662127,13:17:16,5.590174351,686.468349174,13:17:17,4308.132185988,393.457084778,13:17:17,2469.254602601,36.689449568,13:17:21
2026-02-15,0.574000000,08:01:00,18:34:00,10.550000000,0.788354026,13:17:13,5.627853103,691.151409933,13:17:15,4350.966551383,396.720909302,13:17:15,2497.454800494,37.031967465,13:17:18
2026-02-16,0.575928571,07:59:00,18:35:00,10.600000000,0.792053945,13:17:10,5.666948652,695.839726786,13:17:11,4394.081976360,400.753979791,13:17:11,2530.677355385,37.377882232,13:17:15
2026-02-17,0.577857143,07:58:00,18:36:00,10.633333333,0.795759619,13:17:06,5.704998293,700.530336053,13:17:07,4437.384676772,404.806458476,13:17:07,2564.174431077,37.727072741,13:17:11
2026-02-18,0.579785714,07:57:00,18:38:00,10.683333333,0.799468811,13:17:01,5.744345684,705.220312888,13:17:03,4480.919248202,408.876662837,13:17:03,2597.972966975,38.079417810,13:17:06
2026-02-19,0.581714286,07:55:00,18:39:00,10.733333333,0.803179313,13:16:56,5.783801458,709.906777307,13:16:57,4524.629206522,412.962913885,13:16:57,2632.041446994,38.434796499,13:17:01
2026-02-20,0.583642857,07:54:00,18:40:00,10.766666667,0.806888952,13:16:50,5.822260265,714.586900575,13:16:51,4568.460054359,417.063540329,13:16:51,2666.349078869,38.793088460,13:16:55
2026-02-21,0.585571429,07:53:00,18:41:00,10.800000000,0.810595588,13:16:43,5.860831037,719.257903201,13:16:45,4612.420270249,421.176877889,13:16:45,2700.901526821,39.154173684,13:16:48
2026-02-22,0.587500000,07:51:00,18:42:00,10.850000000,0.814297113,13:16:36,5.900518056,723.917052924,13:16:37,4656.518587468,425.301268593,13:16:37,2735.704670138,39.517932245,13:16:41
2026-02-23,0.589428571,07:50:00,18:43:00,10.883333333,0.817991457,13:16:28,5.939250977,728.561669627,13:16:29,4700.671840576,429.435064126,13:16:29,2770.710287745,39.884244545,13:16:33
2026-02-24,0.591357143,07:48:00,18:45:00,10.950000000,0.821676587,13:16:19,5.979908279,733.189132591,13:16:20,4744.942804247,433.576630623,13:16:20,2805.955819740,40.252991747,13:16:24
2026-02-25,0.593285714,07:47:00,18:46:00,10.983333333,0.825350522,13:16:10,6.018709500,737.796890101,13:16:11,4789.200507411,437.724354941,13:16:11,2841.364243897,40.624056420,13:16:15
2026-02-26,0.595214286,07:45:00,18:47:00,11.033333333,0.829011332,13:16:00,6.058400955,742.382466983,13:16:01,4833.502569418,441.876649812,13:16:01,2876.969779354,40.997323050,13:16:05
2026-02-27,0.597142857,07:44:00,18:48:00,11.066666667,0.832657155,13:15:50,6.097230264,746.943480071,13:15:51,4877.779212959,446.031963814,13:15:51,2912.731015739,41.372679217,13:15:55
2026-02-28,0.599071429,07:42:00,18:49:00,11.116666667,0.836286199,13:15:39,6.136842831,751.477647491,13:15:40,4922.056969389,450.188787822,13:15:40,2948.663700162,41.750016345,13:15:44
2026-03-01,0.601000000,07:41:00,18:50:00,11.150000000,0.839896743,13:15:27,6.175637982,755.982785300,13:15:28,4966.271987326,454.345653966,13:15:28,2984.729464383,42.129229526,13:15:33
2026-03-02,0.602928571,07:39:00,18:51:00,11.200000000,0.843487132,13:15:15,6.215113510,760.456801956,13:15:16,5010.447752511,458.501133237,13:15:16,3020.942105639,42.510217163,13:15:21
2026-03-03,0.604857143,07:38:00,18:53:00,11.250000000,0.847055771,13:15:03,6.254476127,764.897691233,13:15:04,5054.544945682,462.653832097,13:15:04,3057.277614288,42.892880478,13:15:08
2026-03-04,0.606785714,07:36:00,18:54:00,11.300000000,0.850601110,13:14:49,6.293728909,769.303512573,13:14:51,5098.544972696,466.802381379,13:14:51,3093.724253075,43.277121979,13:14:55
2026-03-05,0.608714286,07:35:00,18:55:00,11.333333333,0.854121633,13:14:36,6.332250658,773.672373716,13:14:37,5142.413095313,470.945426344,13:14:37,3130.260314161,43.662844027,13:14:42
2026-03-06,0.610642857,07:33:00,18:56:00,11.383333333,0.857615852,13:14:22,6.371256062,778.002422120,13:14:23,5186.166839311,475.081621907,13:14:23,3166.895736376,44.049948036,13:14:28
2026-03-07,0.612571429,07:32:00,18:57:00,11.416666667,0.861082301,13:14:08,6.409571570,782.291843123,13:14:09,5229.755219782,479.209631902,13:14:09,3203.598626061,44.438334194,13:14:13
2026-03-08,0.614500000,07:30:00,18:58:00,11.466666667,0.864519543,13:13:53,6.448275739,786.538857714,13:13:54,5273.192763196,483.328128065,13:13:54,3240.376952984,44.827901115,13:13:59
2026-03-09,0.616428571,07:28:00,18:59:00,11.516666667,0.867926162,13:13:38,6.486776353,790.741724261,13:13:39,5316.444757830,487.435791455,13:13:39,3277.208447148,45.218545835,13:13:44
2026-03-10,0.618357143,07:27:00,19:00:00,11.550000000,0.871300775,13:13:23,6.524678682,794.898745854,13:13:24,5359.484113802,491.531317347,13:13:24,3314.075283799,45.610164271,13:13:28
2026-03-11,0.620285714,07:25:00,19:01:00,11.600000000,0.874642034,13:13:07,6.562797945,799.008275155,13:13:08,5402.316919229,495.613418675,13:13:08,3350.980009042,46.002651515,13:13:13
2026-03-12,0.622214286,07:24:00,19:02:00,11.633333333,0.877948627,13:12:51,6.600356775,803.068715817,13:12:52,5444.904964409,499.680827392,13:12:52,3387.897653212,46.395901829,13:12:57
2026-03-13,0.624142857,07:22:00,19:03:00,11.683333333,0.881219278,13:12:35,6.638042024,807.078523380,13:12:36,5487.252007132,503.732295521,13:12:36,3424.829145595,46.789808617,13:12:41
2026-03-14,0.626071429,07:20:00,19:05:00,11.750000000,0.884452751,13:12:18,6.675696177,811.036208049,13:12:20,5529.337545423,507.766597397,13:12:20,3461.760256117,47.184264561,13:12:24
2026-03-15,0.628000000,07:19:00,19:06:00,11.783333333,0.887647849,13:12:02,6.712606462,814.940336216,13:12:03,5571.126001367,511.782531144,13:12:03,3498.667128859,47.579161657,13:12:07
2026-03-16,0.629709677,07:17:00,19:07:00,11.833333333,0.890803419,13:11:45,6.749477707,818.789533375,13:11:46,5612.622054409,515.599692936,13:11:46,3534.322423359,47.974391379,13:11:50
2026-03-17,0.631419355,07:16:00,19:08:00,11.866666667,0.893918353,13:11:27,6.785913622,822.582486888,13:11:29,5653.799654861,519.394503173,13:11:29,3569.918530459,48.369844865,13:11:33
2026-03-18,0.633129032,07:14:00,19:09:00,11.916666667,0.896991589,13:11:10,6.822224395,826.317948530,13:11:11,5694.653394037,523.165883090,13:11:11,3605.450392412,48.765413094,13:11:16
2026-03-19,0.634838710,07:12:00,19:10:00,11.966666667,0.900022116,13:10:53,6.858205507,829.994740079,13:10:54,5735.163234997,526.912789831,13:10:54,3640.903627895,49.160987364,13:10:58
2026-03-20,0.636548387,07:11:00,19:11:00,12.000000000,0.903008976,13:10:35,6.893840066,833.611755410,13:10:36,5775.315319241,530.634218371,13:10:36,3676.267651438,49.556459491,13:10:41
2026-03-21,0.638258065,07:09:00,19:11:00,12.033333333,0.905951264,13:10:17,6.929200822,837.167958033,13:10:18,5815.098648668,534.329200569,13:10:18,3711.533608469,49.951721573,13:10:23
2026-03-22,0.639967742,07:08:00,19:12:00,12.066666667,0.908848124,13:09:59,6.964279531,840.662380032,13:10:00,5854.500552598,537.996805079,13:10:00,3746.691498806,50.346665888,13:10:05
2026-03-23,0.641677419,07:07:00,19:12:00,12.083333333,0.911698751,13:09:41,6.999061172,844.094123307,13:09:42,5893.508674227,541.636138736,13:09:42,3781.731437023,50.741184998,13:09:47
2026-03-24,0.643387097,07:06:00,19:13:00,12.116666667,0.914502397,13:09:23,7.033539268,847.462363131,13:09:24,5932.111370590,545.246349440,13:09:24,3816.643912465,51.135172148,13:09:29
2026-03-25,0.645096774,07:05:00,19:13:00,12.133333333,0.917258371,13:09:05,7.067707520,850.766355235,13:09:06,5970.297784356,548.826631355,13:09:06,3851.419841663,51.528522057,13:09:10
2026-03-26,0.646806452,07:04:00,19:14:00,12.166666667,0.919966049,13:08:47,7.101546446,854.005442331,13:08:48,6008.056949454,552.376229812,13:08:48,3886.049996565,51.921131705,13:08:52
2026-03-27,0.648516129,07:03:00,19:14:00,12.183333333,0.922624873,13:08:28,7.135065293,857.179058501,13:08:29,6045.380186970,555.894444907,13:08:29,3920.526557382,52.312901009,13:08:34
2026-03-28,0.650225806,07:02:00,19:14:00,12.200000000,0.925234358,13:08:10,7.168232897,860.286731282,13:08:11,6082.257297392,559.380633628,13:08:11,3954.840656243,52.703733296,13:08:16
2026-03-29,0.651935484,07:01:00,19:15:00,12.233333333,0.927794083,13:07:52,7.201068774,863.328079966,13:07:53,6118.681787559,562.834209552,13:07:53,3988.985771825,53.093535383,13:07:57
2026-03-30,0.653645161,07:00:00,19:15:00,12.250000000,0.930303692,13:07:34,7.233541441,866.302808135,13:07:35,6154.644699542,566.254638750,13:07:35,4022.953727317,53.482217058,13:07:39
2026-03-31,0.655354839,06:59:00,19:16:00,12.283333333,0.932762886,13:07:16,7.265661211,869.210693868,13:07:17,6190.140319155,569.641434085,13:07:17,4056.738410450,53.869690227,13:07:21
2026-04-01,0.657064516,06:58:00,19:16:00,12.300000000,0.935171415,13:06:57,7.297413494,872.051581662,13:06:59,6225.161807265,572.994150544,13:06:59,4090.332930715,54.255868188,13:07:03
2026-04-02,0.658774194,06:57:00,19:17:00,12.333333333,0.937529072,13:06:40,7.328793119,874.825372986,13:06:41,6259.703228747,576.312379585,13:06:41,4123.730946370,54.640664659,13:06:45
2026-04-03,0.660483871,06:56:00,19:17:00,12.350000000,0.939835688,13:06:22,7.359802192,877.532016878,13:06:23,6293.759782948,579.595743406,13:06:23,4156.926824383,55.023992758,13:06:27
2026-04-04,0.662193548,06:55:00,19:18:00,12.383333333,0.942091127,13:06:04,7.390419833,880.171505803,13:06:05,6327.324683805,582.843892617,13:06:05,4189.913584166,55.405764501,13:06:10
2026-04-05,0.663903226,06:54:00,19:18:00,12.400000000,0.944295288,13:05:47,7.420664490,882.743874941,13:05:48,6360.395255437,586.056506134,13:05:48,4222.686927489,55.785890671,13:05:52
2026-04-06,0.665612903,06:53:00,19:18:00,12.416666667,0.946448102,13:05:29,7.450505001,885.249200495,13:05:30,6392.964052282,589.233290420,13:05:30,4255.239363057,56.164280594,13:05:35
2026-04-07,0.667322581,06:52:00,19:19:00,12.450000000,0.948549534,13:05:12,7.479960127,887.687599711,13:05:13,6425.029039666,592.373979846,13:05:13,4287.566959470,56.540842096,13:05:18
2026-04-08,0.669032258,06:51:00,19:19:00,12.466666667,0.950599581,13:04:55,7.509006714,890.059232968,13:04:56,6456.583937278,595.478338444,13:04:56,4319.662930940,56.915481729,13:05:01
2026-04-09,0.670741935,06:50:00,19:20:00,12.500000000,0.952598280,13:04:39,7.537651510,892.364304857,13:04:40,6487.625995251,598.546160997,13:04:40,4351.522816750,57.288104899,13:04:44
2026-04-10,0.672451613,06:49:00,19:20:00,12.516666667,0.954545701,13:04:23,7.565886258,894.603064511,13:04:24,6518.151125249,601.577273639,13:04:24,4383.141237320,57.658615935,13:04:28
2026-04-11,0.674161290,06:48:00,19:21:00,12.550000000,0.956441953,13:04:06,7.593704054,896.775806064,13:04:07,6548.155436826,604.571534546,13:04:07,4414.512918523,58.026918169,13:04:12
2026-04-12,0.675870968,06:47:00,19:21:00,12.566666667,0.958287180,13:03:51,7.621110545,898.882868555,13:03:52,6577.637206505,607.528834257,13:03:52,4445.634024216,58.392913939,13:03:56
2026-04-13,0.677580645,06:46:00,19:22:00,12.600000000,0.960081563,13:03:35,7.648086265,900.924635911,13:03:36,6606.591277467,610.449096043,13:03:36,4476.498380103,58.756504659,13:03:41
2026-04-14,0.679290323,06:45:00,19:22:00,12.616666667,0.961825325,13:03:20,7.674649612,902.901538670,13:03:21,6635.018410762,613.332277461,13:03:21,4507.103796575,59.117591129,13:03:26
2026-04-15,0.681000000,06:44:00,19:22:00,12.633333333,0.963518724,13:03:06,7.700771505,904.814055530,13:03:07,6662.912442216,616.178371816,13:03:07,4537.443373149,59.476073871,13:03:11
2026-04-16,0.682900000,06:43:00,19:23:00,12.666666667,0.965162061,13:02:51,7.726476862,906.662714127,13:02:52,6690.275944965,619.159967477,13:02:52,4568.789442817,59.831853381,13:02:56
2026-04-17,0.684800000,06:42:00,19:23:00,12.683333333,0.966755678,13:02:37,7.751736495,908.448091990,13:02:38,6717.103194539,622.105253395,13:02:38,4599.872267620,60.184830480,13:02:42
2026-04-18,0.686700000,06:41:00,19:24:00,12.716666667,0.968299956,13:02:24,7.776569712,910.170815452,13:02:25,6743.396736075,625.014298971,13:02:25,4630.690538663,60.534906369,13:02:29
2026-04-19,0.688600000,06:40:00,19:24:00,12.733333333,0.969795315,13:02:11,7.800957141,911.831554864,13:02:12,6769.152958916,627.887208679,13:02:12,4661.238727510,60.881982102,13:02:16
2026-04-20,0.690500000,06:39:00,19:25:00,12.766666667,0.971242209,13:01:58,7.824910005,913.431021382,13:01:59,6794.373764349,630.724120264,13:01:59,4691.515084283,61.225958239,13:02:03
2026-04-21,0.692400000,06:39:00,19:25:00,12.766666667,0.972641128,13:01:46,7.848417383,914.969968305,13:01:47,6819.057511834,633.525206055,13:01:47,4721.515421194,61.566735270,13:01:50
2026-04-22,0.694300000,06:38:00,19:26:00,12.800000000,0.973992600,13:01:34,7.871491929,916.449194966,13:01:35,6843.207177857,636.290676065,13:01:35,4751.238743586,61.904214524,13:01:38
2026-04-23,0.696200000,06:37:00,19:26:00,12.816666667,0.975297195,13:01:22,7.894122566,917.869550935,13:01:23,6866.821813331,639.020781361,13:01:23,4780.681346441,62.238299257,13:01:27
2026-04-24,0.698100000,06:36:00,19:27:00,12.850000000,0.976555527,13:01:11,7.916308477,919.231938685,13:01:12,6889.902649743,641.715816396,13:01:12,4809.841039785,62.568895618,13:01:16
2026-04-25,0.700000000,06:35:00,19:27:00,12.866666667,0.977768250,13:01:01,7.938052226,920.537312824,13:01:01,6912.452214013,644.376118977,13:01:01,4838.716549809,62.895913082,13:01:05
2026-04-26,0.701900000,06:34:00,19:28:00,12.900000000,0.978936060,13:00:50,7.959348910,921.786675685,13:00:51,6934.471721324,647.002067664,13:00:51,4867.305701197,63.219264298,13:00:55
2026-04-27,0.703800000,06:33:00,19:28:00,12.916666667,0.980059684,13:00:41,7.980205913,922.981071307,13:00:42,6955.965485279,649.594077986,13:00:42,4895.608508540,63.538864566,13:00:45
2026-04-28,0.705700000,06:33:00,19:29:00,12.933333333,0.981139883,13:00:32,8.000625541,924.121579045,13:00:33,6976.936907815,652.152598332,13:00:33,4923.624375845,63.854631174,13:00:36
2026-04-29,0.707600000,06:32:00,19:29:00,12.950000000,0.982177441,13:00:23,8.020611902,925.209307911,13:00:24,6997.390219763,654.678106278,13:00:24,4951.353319504,64.166482775,13:00:28
2026-04-30,0.709500000,06:31:00,19:30:00,12.983333333,0.983173166,13:00:15,8.040152262,926.245391293,13:00:16,7017.325851676,657.171105122,13:00:16,4978.792691764,64.474338763,13:00:19
2026-05-01,0.711400000,06:30:00,19:30:00,13.000000000,0.984127884,13:00:07,8.059259311,927.230982262,13:00:08,7036.750265861,659.632120781,13:00:08,5005.944139133,64.778118661,13:00:12
2026-05-02,0.713300000,06:30:00,19:31:00,13.016666667,0.985042439,13:00:00,8.077930276,928.167249846,13:00:01,7055.666342249,662.061699315,13:00:01,5032.806801926,65.077741657,13:00:05
2026-05-03,0.715200000,06:29:00,19:31:00,13.033333333,0.985917687,12:59:54,8.096179583,929.055376066,12:59:55,7074.081258557,664.460404962,12:59:55,5059.382916120,65.373126238,12:59:58
2026-05-04,0.717100000,06:28:00,19:32:00,13.066666667,0.986754501,12:59:48,8.113987883,929.896554231,12:59:49,7091.993985532,666.828819039,12:59:49,5085.668887025,65.664190050,12:59:52
2026-05-05,0.719000000,06:28:00,19:32:00,13.066666667,0.987553764,12:59:42,8.131369069,930.691987611,12:59:43,7109.411730086,669.167539092,12:59:43,5111.667033932,65.950849845,12:59:47
2026-05-06,0.720900000,06:27:00,19:33:00,13.100000000,0.988316371,12:59:38,8.148331410,931.442888624,12:59:38,7126.340267018,671.477178409,12:59:38,5137.378698493,66.233021546,12:59:42
2026-05-07,0.722800000,06:26:00,19:33:00,13.116666667,0.989043228,12:59:33,8.164867394,932.150478258,12:59:34,7142.781617632,673.758365685,12:59:34,5162.802553224,66.510620391,12:59:37
2026-05-08,0.724700000,06:26:00,19:34:00,13.133333333,0.989735253,12:59:30,8.180973417,932.815985381,12:59:30,7158.738620465,676.011744606,12:59:30,5187.937878251,66.783561078,12:59:34
2026-05-09,0.726600000,06:25:00,19:34:00,13.150000000,0.990393372,12:59:27,8.196673467,933.440645952,12:59:27,7174.221458924,678.237973349,12:59:27,5212.789312054,67.051757914,12:59:30
2026-05-10,0.728500000,06:24:00,19:35:00,13.183333333,0.991018522,12:59:24,8.211944385,934.025702098,12:59:25,7189.227898611,680.437723979,12:59:25,5237.352524138,67.315124979,12:59:28
2026-05-11,0.730400000,06:24:00,19:35:00,13.183333333,0.991611647,12:59:22,8.226806819,934.572401379,12:59:23,7203.767474510,682.611681968,12:59:23,5261.631763382,67.573576325,12:59:26
2026-05-12,0.732300000,06:23:00,19:36:00,13.216666667,0.992173699,12:59:21,8.241254714,935.081996208,12:59:22,7217.842433856,684.760545823,12:59:22,5285.626014313,67.827026311,12:59:25
2026-05-13,0.734200000,06:23:00,19:36:00,13.216666667,0.992705638,12:59:20,8.255288227,935.555743596,12:59:21,7231.456949602,686.885026949,12:59:21,5309.335692398,68.075390057,12:59:24
2026-05-14,0.736100000,06:22:00,19:37:00,13.250000000,0.993208430,12:59:20,8.268921239,935.994904972,12:59:21,7244.618843432,688.985849550,12:59:21,5332.763930650,68.318583996,12:59:24
2026-05-15,0.738000000,06:22:00,19:37:00,13.250000000,0.993683046,12:59:21,8.282138605,936.400745342,12:59:21,7257.328144036,691.063750062,12:59:21,5355.908170299,68.556526313,12:59:24
2026-05-16,0.739645161,06:21:00,19:38:00,13.283333333,0.994130462,12:59:22,8.294964996,936.774530880,12:59:22,7269.595963283,692.880748985,12:59:22,5376.921478778,68.789136969,12:59:25
2026-05-17,0.741290323,06:21:00,19:38:00,13.283333333,0.994551652,12:59:23,8.307379387,937.117524703,12:59:24,7281.420677827,694.676152183,12:59:24,5397.646683112,69.016337138,12:59:27
2026-05-18,0.742935484,06:20:00,19:39:00,13.316666667,0.994947591,12:59:26,8.319407564,937.430982179,12:59:26,7292.813915186,696.450740341,12:59:26,5418.090234860,69.238048396,12:59:29
2026-05-19,0.744580645,06:20:00,19:39:00,13.316666667,0.995319246,12:59:28,8.331032344,937.716148081,12:59:29,7303.775054791,698.205294517,12:59:29,5438.249542409,69.454192382,12:59:31
2026-05-20,0.746225806,06:19:00,19:40:00,13.350000000,0.995667580,12:59:32,8.342270550,937.974256767,12:59:32,7314.313222666,699.940596186,12:59:32,5458.129283224,69.664691439,12:59:35
2026-05-21,0.747870968,06:19:00,19:40:00,13.350000000,0.995993551,12:59:35,8.353119105,938.206534158,12:59:36,7324.431909366,701.657428643,12:59:36,5477.729980217,69.869469970,12:59:38
2026-05-22,0.749516129,06:19:00,19:41:00,13.366666667,0.996298114,12:59:40,8.363583692,938.414198970,12:59:40,7334.137181303,703.356577841,12:59:40,5497.054109922,70.068455769,12:59:43
2026-05-23,0.751161290,06:18:00,19:41:00,13.383333333,0.996582215,12:59:45,8.373661615,938.598461757,12:59:45,7343.432676093,705.038831628,12:59:45,5516.102364371,70.261580704,12:59:47
2026-05-24,0.752806452,06:18:00,19:42:00,13.400000000,0.996846793,12:59:50,8.383372436,938.760521867,12:59:50,7352.328918914,706.704977381,12:59:50,5534.880644538,70.448780687,12:59:53
2026-05-25,0.754451613,06:18:00,19:42:00,13.400000000,0.997092776,12:59:56,8.392691444,938.901563400,12:59:56,7360.822881047,708.355798865,12:59:56,5553.384694901,70.629995208,12:59:58
2026-05-26,0.756096774,06:17:00,19:43:00,13.433333333,0.997321074,13:00:02,8.401652569,939.022751132,13:00:02,7368.929494579,709.992073025,13:00:02,5571.623820111,70.805166731,13:00:04
2026-05-27,0.757741935,06:17:00,19:43:00,13.433333333,0.997532585,13:00:09,8.410239481,939.125226844,13:00:09,7376.648254725,711.614567050,13:00:09,5589.595725919,70.974240116,13:00:11
2026-05-28,0.759387097,06:17:00,19:44:00,13.450000000,0.997728181,13:00:16,8.418466422,939.210106194,13:00:16,7383.987960213,713.224035804,13:00:16,5607.305179722,71.137162141,13:00:18
2026-05-29,0.761032258,06:17:00,19:44:00,13.450000000,0.997908719,13:00:24,8.426320584,939.278476052,13:00:24,7390.948871036,714.821219581,13:00:24,5624.750508564,71.293881118,13:00:26
2026-05-30,0.762677419,06:16:00,19:45:00,13.483333333,0.998075027,13:00:32,8.433825649,939.331392212,13:00:32,7397.542562672,716.406842131,13:00:32,5641.938671266,71.444346603,13:00:34
2026-05-31,0.764322581,06:16:00,19:45:00,13.483333333,0.998227912,13:00:40,8.440974885,939.369877459,13:00:40,7403.770989781,717.981608920,13:00:40,5658.869349415,71.588509159,13:00:42
2026-06-01,0.765967742,06:16:00,19:46:00,13.500000000,0.998368153,13:00:49,8.447771873,939.394919838,13:00:49,7409.639087864,719.546205534,13:00:49,5675.544520688,71.726320207,13:00:51
2026-06-02,0.767612903,06:16:00,19:46:00,13.500000000,0.998496503,13:00:58,8.454217556,939.407471237,13:00:59,7415.150876435,721.101296308,13:00:59,5691.965492118,71.857731981,13:01:00
2026-06-03,0.769258065,06:16:00,19:47:00,13.516666667,0.998613683,13:01:08,8.460311789,939.408446158,13:01:08,7420.309737139,722.647523082,13:01:08,5708.133106501,71.982697537,13:01:10
2026-06-04,0.770903226,06:16:00,19:47:00,13.516666667,0.998720390,13:01:18,8.466067111,939.398720672,13:01:18,7425.123097052,724.185504085,13:01:18,5724.051347527,72.101170851,13:01:20
2026-06-05,0.772548387,06:16:00,19:48:00,13.533333333,0.998817285,13:01:29,8.471468982,939.379131509,13:01:29,7429.589333114,725.715832920,13:01:29,5739.717256088,72.213106986,13:01:30
2026-06-06,0.774193548,06:16:00,19:48:00,13.533333333,0.998905001,13:01:39,8.476545231,939.350475254,13:01:40,7433.720508502,727.239077616,13:01:40,5755.138458195,72.318462324,13:01:41
2026-06-07,0.775838710,06:15:00,19:48:00,13.550000000,0.998984138,13:01:50,8.481274174,939.313507608,13:01:51,7437.512350067,728.755779725,13:01:51,5770.309984885,72.417194763,13:01:52
2026-06-08,0.777483871,06:15:00,19:49:00,13.566666667,0.999055261,13:02:02,8.485671755,939.268942790,13:02:02,7440.972684149,730.266453520,13:02:02,5785.236246237,72.509264128,13:02:03
2026-06-09,0.779129032,06:15:00,19:49:00,13.566666667,0.999118902,13:02:13,8.489735286,939.217453128,13:02:14,7444.103162059,731.771585336,13:02:14,5799.916892685,72.594632599,13:02:15
2026-06-10,0.780774194,06:15:00,19:49:00,13.566666667,0.999175560,13:02:25,8.493456664,939.159668878,13:02:26,7446.903397327,733.271633082,13:02:26,5814.349994481,72.673265293,13:02:26
2026-06-11,0.782419355,06:16:00,19:50:00,13.566666667,0.999225696,13:02:38,8.496859048,939.096178223,13:02:38,7449.383285307,734.767025896,13:02:38,5828.541664036,72.745130961,13:02:39
2026-06-12,0.784064516,06:16:00,19:50:00,13.566666667,0.999269736,13:02:50,8.499926628,939.027527103,13:02:50,7451.539723240,736.258163670,13:02:50,5842.487887519,72.810202521,13:02:51
2026-06-13,0.785709677,06:16:00,19:51:00,13.583333333,0.999308069,13:03:03,8.502661080,938.954218385,13:03:03,7453.375240203,737.745416039,13:03:03,5856.189055665,72.868457281,13:03:03
2026-06-14,0.787354839,06:16:00,19:51:00,13.583333333,0.999341046,13:03:15,8.505078870,938.876709898,13:03:15,7454.897257798,739.229120490,13:03:15,5869.649428011,72.919876405,13:03:16
2026-06-15,0.789000000,06:16:00,19:51:00,13.583333333,0.999368977,13:03:28,8.507163906,938.795411538,13:03:28,7456.102182508,740.709579703,13:03:28,5882.864621999,72.964443708,13:03:29
2026-06-16,0.790133333,06:16:00,19:51:00,13.583333333,0.999392133,13:03:41,8.508917693,938.710682708,13:03:41,7456.992072202,741.706600764,13:03:41,5892.018002649,73.002144537,13:03:42
2026-06-17,0.791266667,06:16:00,19:52:00,13.600000000,0.999410741,13:03:54,8.510357201,938.622831399,13:03:54,7457.574017803,742.700959058,13:03:54,5900.929734487,73.032965400,13:03:55
2026-06-18,0.792400000,06:16:00,19:52:00,13.600000000,0.999424990,13:04:07,8.511468240,938.532115250,13:04:08,7457.844531839,743.692848124,13:04:08,5909.596007030,73.056894893,13:04:08
2026-06-19,0.793533333,06:16:00,19:52:00,13.600000000,0.999435024,13:04:21,8.512250640,938.438743363,13:04:21,7457.804643671,744.682424150,13:04:21,5918.016578241,73.073924975,13:04:21
2026-06-20,0.794666667,06:17:00,19:53:00,13.600000000,0.999440949,13:04:34,8.512714175,938.342877534,13:04:34,7457.458601768,745.669806681,13:04:34,5926.193768872,73.084051885,13:04:34
2026-06-21,0.795800000,06:17:00,19:53:00,13.600000000,0.999442829,13:04:47,8.512867090,938.244632362,13:04:47,7456.810038405,746.655078434,13:04:47,5934.129428562,73.087276308,13:04:47
2026-06-22,0.796933333,06:17:00,19:53:00,13.600000000,0.999440687,13:05:00,8.512693458,938.144074563,13:05:00,7455.854354128,747.638284488,13:05:00,5941.818863283,73.083602964,13:05:00
2026-06-23,0.798066667,06:17:00,19:53:00,13.600000000,0.999434504,13:05:13,8.512193622,938.041222132,13:05:13,7454.592235706,748.619431343,13:05:13,5949.261576909,73.073040110,13:05:13
2026-06-24,0.799200000,06:18:00,19:53:00,13.583333333,0.999424222,13:05:26,8.511370140,937.936043635,13:05:26,7453.024943235,749.598486073,13:05:26,5956.457534634,73.055598959,13:05:26
2026-06-25,0.800333333,06:18:00,19:53:00,13.583333333,0.999409739,13:05:39,8.510233706,937.828457796,13:05:39,7451.156237833,750.575375723,13:05:39,5963.408709012,73.031293265,13:05:38
2026-06-26,0.801466667,06:18:00,19:54:00,13.600000000,0.999390912,13:05:51,8.508777270,937.718333310,13:05:51,7448.983757962,751.549986870,13:05:51,5970.112182548,73.000138905,13:05:51
2026-06-27,0.802600000,06:18:00,19:54:00,13.600000000,0.999367556,13:06:04,8.506995667,937.605488891,13:06:04,7446.505604100,752.522165384,13:06:04,5976.565397851,72.962153672,13:06:03
2026-06-28,0.803733333,06:19:00,19:54:00,13.583333333,0.999339449,13:06:16,8.504896476,937.489693423,13:06:16,7443.723900671,753.491716260,13:06:16,5982.769023099,72.917357063,13:06:15
2026-06-29,0.804866667,06:19:00,19:54:00,13.583333333,0.999306323,13:06:28,8.502475980,937.370666200,13:06:28,7440.636738717,754.458403535,13:06:28,5988.720489769,72.865770088,13:06:27
2026-06-30,0.806000000,06:19:00,19:54:00,13.583333333,0.999267876,13:06:40,8.499725460,937.248077275,13:06:40,7437.240387063,755.421950283,13:06:40,5994.415751973,72.807415130,13:06:39
2026-07-01,0.807133333,06:20:00,19:54:00,13.566666667,0.999223762,13:06:52,8.496652991,937.121547881,13:06:51,7433.536481492,756.382038679,13:06:51,5999.855078762,72.742315769,13:06:51
2026-07-02,0.808266667,06:20:00,19:54:00,13.566666667,0.999173597,13:07:03,8.493257935,936.990651124,13:07:03,7429.523471858,757.338310282,13:07:03,6005.036171521,72.670496833,13:07:02
2026-07-03,0.809400000,06:20:00,19:54:00,13.566666667,0.999116962,13:07:14,8.489527737,936.854912839,13:07:14,7425.195726198,758.290366452,13:07:14,6009.953420785,72.591984484,13:07:13
2026-07-04,0.810533333,06:21:00,19:54:00,13.550000000,0.999053396,13:07:25,8.485474670,936.713812718,13:07:25,7420.555606881,759.237769002,13:07:25,6014.607671231,72.506806401,13:07:23
2026-07-05,0.811666667,06:21:00,19:54:00,13.550000000,0.998982405,13:07:35,8.481089281,936.566785725,13:07:35,7415.598060126,760.180041081,13:07:35,6018.993758802,72.414992088,13:07:34
2026-07-06,0.812800000,06:22:00,19:54:00,13.533333333,0.998903458,13:07:45,8.476362562,936.413223799,13:07:45,7410.318122282,761.116668304,13:07:45,6023.106569791,72.316573249,13:07:44
2026-07-07,0.813933333,06:22:00,19:54:00,13.533333333,0.998815993,13:07:55,8.471312843,936.252477952,13:07:55,7404.719560805,762.047100221,13:07:55,6026.948074524,72.211584286,13:07:54
2026-07-08,0.815066667,06:22:00,19:54:00,13.533333333,0.998719412,13:08:05,8.465914905,936.083860754,13:08:04,7398.791825860,762.970752105,13:08:04,6030.508590864,72.100062937,13:08:03
2026-07-09,0.816200000,06:23:00,19:54:00,13.516666667,0.998613089,13:08:14,8.460179957,935.906649181,13:08:13,7392.536212929,763.887007061,13:08:13,6033.788056993,71.982050932,13:08:12
2026-07-10,0.817333333,06:23:00,19:53:00,13.500000000,0.998496371,13:08:22,8.454104302,935.720087588,13:08:22,7385.949022273,764.795218255,13:08:22,6036.782334204,71.857594575,13:08:21
2026-07-11,0.818466667,06:24:00,19:53:00,13.483333333,0.998368577,13:08:31,8.447682956,935.523390232,13:08:30,7379.026211581,765.694710792,13:08:30,6039.486986639,71.726744982,13:08:29
2026-07-12,0.819600000,06:24:00,19:53:00,13.483333333,0.998229001,13:08:38,8.440921910,935.315742537,13:08:38,7371.767155237,766.584782584,13:08:38,6041.900360432,71.589557679,13:08:36
2026-07-13,0.820733333,06:24:00,19:53:00,13.483333333,0.998076915,13:08:46,8.433797812,935.096300728,13:08:45,7364.161892061,767.464703884,13:08:45,6044.013136877,71.446091388,13:08:44
2026-07-14,0.821866667,06:25:00,19:53:00,13.466666667,0.997911567,13:08:53,8.426332679,934.864190413,13:08:52,7356.214805346,768.333715961,13:08:52,6045.827741353,71.296406580,13:08:50
2026-07-15,0.823000000,06:25:00,19:52:00,13.450000000,0.997732180,13:08:59,8.418503677,934.618505777,13:08:59,7347.915917303,769.191030255,13:08:59,6047.334799940,71.140564372,13:08:57
2026-07-16,0.822451613,06:26:00,19:52:00,13.433333333,0.997537956,13:09:05,8.410332641,934.358310762,13:09:04,7339.269228632,768.464499716,13:09:04,6036.193814619,70.978626407,13:09:03
2026-07-17,0.821903226,06:26:00,19:52:00,13.433333333,0.997328077,13:09:10,8.401792843,934.082642167,13:09:10,7330.263388812,767.725536767,13:09:10,6024.767125276,70.810655493,13:09:08
2026-07-18,0.821354839,06:27:00,19:52:00,13.416666667,0.997101707,13:09:15,8.392889095,933.790513254,13:09:15,7320.896997993,766.973356402,13:09:15,6013.054172997,70.636716355,13:09:12
2026-07-19,0.820806452,06:27:00,19:51:00,13.400000000,0.996857995,13:09:19,8.383630619,933.480916546,13:09:19,7311.169751590,766.207158758,13:09:19,6001.055300943,70.456875957,13:09:17
2026-07-20,0.820258065,06:28:00,19:51:00,13.383333333,0.996596075,13:09:23,8.374001236,933.152825481,13:09:22,7301.073599802,765.426130527,13:09:22,5988.764499864,70.271203324,13:09:20
2026-07-21,0.819709677,06:28:00,19:50:00,13.366666667,0.996315069,13:09:26,8.363998081,932.805195333,13:09:25,7290.604511371,764.629445762,13:09:25,5976.179072208,70.079769115,13:09:23
2026-07-22,0.819161290,06:29:00,19:50:00,13.350000000,0.996014089,13:09:28,8.353633026,932.436963936,13:09:28,7279.762821049,763.816266522,13:09:28,5963.299905733,69.882645161,13:09:26
2026-07-23,0.818612903,06:29:00,19:50:00,13.350000000,0.995692233,13:09:30,8.342890398,932.047052496,13:09:30,7268.540436552,762.985743587,13:09:30,5950.120988980,69.679904096,13:09:27
2026-07-24,0.818064516,06:30:00,19:49:00,13.316666667,0.995348594,13:09:32,8.331767336,931.634366535,13:09:31,7256.933191599,762.137017269,13:09:31,5936.639539967,69.471619087,13:09:29
2026-07-25,0.817516129,06:30:00,19:49:00,13.316666667,0.994982252,13:09:32,8.320273633,931.197796973,13:09:32,7244.940382150,761.269218345,13:09:32,5922.855616284,69.257863619,13:09:29
2026-07-26,0.816967742,06:31:00,19:48:00,13.283333333,0.994592285,13:09:32,8.308384999,930.736221115,13:09:32,7232.551434107,760.381468902,13:09:32,5908.761213554,69.038711311,13:09:29
2026-07-27,0.816419355,06:31:00,19:48:00,13.283333333,0.994177759,13:09:32,8.296127410,930.248503551,13:09:31,7219.770142004,759.472883108,13:09:31,5894.360081419,68.814235712,13:09:29
2026-07-28,0.815870968,06:32:00,19:47:00,13.250000000,0.993737739,13:09:31,8.283464878,929.733496947,13:09:30,7206.582512195,758.542567897,13:09:30,5879.641448337,68.584510114,13:09:27
2026-07-29,0.815322581,06:32:00,19:47:00,13.250000000,0.993271283,13:09:29,8.270429719,929.190042808,13:09:28,7192.993869583,757.589623612,13:09:28,5864.610324314,68.349607370,13:09:25
2026-07-30,0.814774194,06:32:00,19:46:00,13.233333333,0.992777446,13:09:27,8.256986836,928.616972439,13:09:26,7178.990463427,756.613144834,13:09:26,5849.256165330,68.109599811,13:09:23
2026-07-31,0.814225806,06:33:00,19:46:00,13.216666667,0.992255282,13:09:24,8.243156627,928.013108250,13:09:23,7164.574011277,755.612221462,13:09:23,5833.581052214,67.864559289,13:09:20
2026-08-01,0.813677419,06:33:00,19:45:00,13.200000000,0.991703842,13:09:20,8.228923405,927.377265781,13:09:19,7149.736140913,754.585940389,13:09:19,5817.578852206,67.614557391,13:09:16
2026-08-02,0.813129032,06:34:00,19:44:00,13.166666667,0.991122178,13:09:16,8.214287342,926.708256496,13:09:15,7134.472910065,753.533387790,13:09:15,5801.247053033,67.359665856,13:09:12
2026-08-03,0.812580645,06:34:00,19:44:00,13.166666667,0.990509347,13:09:11,8.199248333,926.004891469,13:09:10,7118.780150426,752.453652133,13:09:10,5784.582967394,67.099957151,13:09:07
2026-08-04,0.812032258,06:35:00,19:43:00,13.133333333,0.989864411,13:09:06,8.183803325,925.265985854,13:09:05,7102.653167127,751.345827803,13:09:05,5767.583489551,66.835505174,13:09:02
2026-08-05,0.811483871,06:35:00,19:42:00,13.116666667,0.989186444,13:09:00,8.167936831,924.490363981,13:08:59,7086.083955511,750.209019236,13:08:59,5750.242838221,66.566386002,13:08:56
2026-08-06,0.810935484,06:36:00,19:42:00,13.100000000,0.988474533,13:08:53,8.151670799,923.676864754,13:08:52,7069.074539997,749.042345260,13:08:52,5732.563382612,66.292678598,13:08:49
2026-08-07,0.810387097,06:36:00,19:41:00,13.083333333,0.987727786,13:08:46,8.134985335,922.824346845,13:08:45,7051.616261168,747.844943273,13:08:45,5714.538829454,66.014465364,13:08:42
2026-08-08,0.809838710,06:37:00,19:40:00,13.050000000,0.986945329,13:08:38,8.117874273,921.931692854,13:08:38,7033.704411382,746.615972552,13:08:38,5696.166104766,65.731832356,13:08:34
2026-08-09,0.809290323,06:37:00,19:40:00,13.050000000,0.986126313,13:08:30,8.100354119,920.997811391,13:08:29,7015.340003092,745.354615877,13:08:29,5677.446774115,65.444868999,13:08:26
2026-08-10,0.808741935,06:38:00,19:39:00,13.016666667,0.985269913,13:08:21,8.082408786,920.021636469,13:08:20,6996.516384180,744.060078965,13:08:20,5658.376202186,65.153667214,13:08:17
2026-08-11,0.808193548,06:38:00,19:38:00,13.000000000,0.984375326,13:08:12,8.064049021,919.002124420,13:08:11,6977.233517458,742.731587910,13:08:11,5638.955114399,64.858320145,13:08:07
2026-08-12,0.807645161,06:38:00,19:37:00,12.983333333,0.983441768,13:08:02,8.045251010,917.938250522,13:08:01,6957.483361207,741.368386398,13:08:01,5619.177771437,64.558920979,13:07:57
2026-08-13,0.807096774,06:39:00,19:37:00,12.966666667,0.982468476,13:07:51,8.026044600,916.829007445,13:07:51,6937.270557875,739.969734396,13:07:51,5599.048688969,64.255562307,13:07:47
2026-08-14,0.806548387,06:39:00,19:36:00,12.950000000,0.981454704,13:07:40,8.006410313,915.673406558,13:07:39,6916.588353915,738.534909167,13:07:39,5578.563181062,63.948336140,13:07:36
2026-08-15,0.806000000,06:40:00,19:35:00,12.916666667,0.980399733,13:07:29,7.986356960,914.470481001,13:07:28,6895.436745614,737.063207686,13:07:28,5557.722016965,63.637334287,13:07:24
2026-08-16,0.804064516,06:40:00,19:34:00,12.900000000,0.979302865,13:07:16,7.965873365,913.219288611,13:07:16,6873.811306499,734.287225417,13:07:16,5526.987762123,63.322648640,13:07:12
2026-08-17,0.802129032,06:41:00,19:33:00,12.866666667,0.978163429,13:07:04,7.944963465,911.918913374,13:07:03,6851.711279671,731.476635483,13:07:03,5495.956538074,63.004371175,13:06:59
2026-08-18,0.800193548,06:41:00,19:32:00,12.850000000,0.976980779,13:06:51,7.923632305,910.568465794,13:06:50,6829.136086834,728.631011693,13:06:50,5464.630637742,62.682593756,13:06:46
2026-08-19,0.798258065,06:42:00,19:31:00,12.816666667,0.975754296,13:06:37,7.901867109,909.167082636,13:06:36,6806.081753642,725.749955707,13:06:36,5433.009647601,62.357407849,13:06:32
2026-08-20,0.796322581,06:42:00,19:31:00,12.816666667,0.974483387,13:06:23,7.879695024,907.713926734,13:06:22,6782.552424038,722.833096624,13:06:22,5401.099649671,62.028904299,13:06:18
2026-08-21,0.794387097,06:42:00,19:30:00,12.800000000,0.973167484,13:06:08,7.857090223,906.208187079,13:06:07,6758.541789441,719.880090807,13:06:07,5368.898390541,61.697173149,13:06:03
2026-08-22,0.792451613,06:43:00,19:29:00,12.766666667,0.971806045,13:05:53,7.834069993,904.649078993,13:05:52,6734.052256049,716.890621759,13:05:52,5336.410571681,61.362303567,13:05:48
2026-08-23,0.790516129,06:43:00,19:28:00,12.750000000,0.970398554,13:05:37,7.810624391,903.035844365,13:05:36,6709.080993989,713.864400064,13:05:36,5303.636736732,61.024383756,13:05:32
2026-08-24,0.788580645,06:44:00,19:27:00,12.716666667,0.968944522,13:05:21,7.786754325,901.367751521,13:05:20,6683.627575079,710.801163022,13:05:20,5270.579345174,60.683500840,13:05:16
2026-08-25,0.786645161,06:44:00,19:26:00,12.700000000,0.967443484,13:05:04,7.762472630,899.644094678,13:05:03,6657.693617181,707.700673962,13:05:03,5237.242469309,60.339740671,13:04:59
2026-08-26,0.784709677,06:44:00,19:25:00,12.683333333,0.965895001,13:04:47,7.737761955,897.864192991,13:04:46,6631.275689066,704.562721249,13:04:46,5203.626206845,59.993187656,13:04:42
2026-08-27,0.782774194,06:45:00,19:24:00,12.650000000,0.964298657,13:04:30,7.712644507,896.027389708,13:04:29,6604.377212226,701.387117376,13:04:29,5169.736046190,59.643924593,13:04:25
2026-08-28,0.780838710,06:45:00,19:23:00,12.633333333,0.962654059,13:04:12,7.687106249,894.133051970,13:04:11,6576.995556944,698.173698580,13:04:11,5135.572724238,59.292032633,13:04:07
2026-08-29,0.778903226,06:46:00,19:22:00,12.600000000,0.960960841,13:03:54,7.661150887,892.180571927,13:03:53,6549.131330811,694.922325475,13:03:53,5101.139519799,58.937591442,13:03:49
2026-08-30,0.776967742,06:46:00,19:21:00,12.583333333,0.959218661,13:03:36,7.634791390,890.169370345,13:03:35,6520.786467308,691.632885617,13:03:35,5066.440737148,58.580679738,13:03:30
2026-08-31,0.775032258,06:46:00,19:20:00,12.566666667,0.957427209,13:03:17,7.608011418,888.098902642,13:03:16,6491.958866331,688.305297899,13:03:16,5031.477539434,58.221376102,13:03:12
2026-09-01,0.773096774,06:47:00,19:19:00,12.533333333,0.955586212,13:02:58,7.580831060,885.968667047,13:02:57,6462.652028334,684.939518531,13:02:57,4996.255435841,57.859759973,13:02:52
2026-09-02,0.771161290,06:47:00,19:18:00,12.516666667,0.953695439,13:02:38,7.553242145,883.778213735,13:02:37,6432.865732794,681.535547663,13:02:37,4960.777038974,57.495912734,13:02:33
2026-09-03,0.769225806,06:48:00,19:17:00,12.483333333,0.951754709,13:02:19,7.525243252,881.527153587,13:02:18,6402.601442954,678.093435627,13:02:18,4925.046258345,57.129918603,13:02:13
2026-09-04,0.767290323,06:48:00,19:16:00,12.466666667,0.949763896,13:01:59,7.496857058,879.215164959,13:01:58,6371.864014358,674.613287539,13:01:58,4889.069595017,56.761865146,13:01:54
2026-09-05,0.765354839,06:48:00,19:15:00,12.450000000,0.947722930,13:01:39,7.468065444,876.841997464,13:01:38,6340.653910383,671.095265543,13:01:38,4852.850150895,56.391843399,13:01:33
2026-09-06,0.763419355,06:49:00,19:14:00,12.416666667,0.945631799,13:01:18,7.438884856,874.407472375,13:01:17,6308.976415569,667.539588427,13:01:17,4816.394704866,56.019947530,13:01:13
2026-09-07,0.761483871,06:49:00,19:13:00,12.400000000,0.943490548,13:00:58,7.409320883,871.911479473,13:00:57,6276.835870530,663.946528530,13:00:57,4779.709276120,55.646274055,13:00:53
2026-09-08,0.759548387,06:49:00,19:12:00,12.383333333,0.941299269,13:00:37,7.379366124,869.353971383,13:00:36,6244.235940317,660.316406780,13:00:36,4742.799337119,55.270920887,13:00:32
2026-09-09,0.757612903,06:50:00,19:11:00,12.350000000,0.939058106,13:00:16,7.349046915,866.734957504,13:00:15,6211.184004653,656.649587482,13:00:15,4705.673146235,54.893986394,13:00:11
2026-09-10,0.755677419,06:50:00,19:09:00,12.316666667,0.936767242,12:59:55,7.318353176,864.054499487,12:59:54,6177.684192745,652.946474354,12:59:54,4668.336448363,54.515568725,12:59:50
2026-09-11,0.753741935,06:51:00,19:08:00,12.283333333,0.934426903,12:59:34,7.287295164,861.312709763,12:59:33,6143.743055278,649.207508913,12:59:33,4630.796781601,54.135765601,12:59:29
2026-09-12,0.751806452,06:51:00,19:07:00,12.266666667,0.932037359,12:59:13,7.255891071,858.509752696,12:59:12,6109.367928286,645.433170849,12:59:12,4593.062223763,53.754674424,12:59:08
2026-09-13,0.749870968,06:51:00,19:06:00,12.250000000,0.929598921,12:58:52,7.224127606,855.645846333,12:58:51,6074.564115552,641.623978834,12:58:51,4555.139271940,53.372392408,12:58:46
2026-09-14,0.747935484,06:52:00,19:05:00,12.216666667,0.927111947,12:58:30,7.192024599,852.721263274,12:58:29,6039.339893123,637.780490654,12:58:29,4517.036605224,52.989016675,12:58:25
2026-09-15,0.746000000,06:52:00,19:04:00,12.200000000,0.924576836,12:58:09,7.159588570,849.736330229,12:58:08,6003.702739318,633.903302351,12:58:08,4478.762243531,52.604644152,12:58:04
2026-09-16,0.743600000,06:52:00,19:03:00,12.183333333,0.921994032,12:57:48,7.126815289,846.691426365,12:57:46,5967.659989917,629.599744645,12:57:46,4437.551968502,52.219371360,12:57:42
2026-09-17,0.741200000,06:53:00,19:02:00,12.150000000,0.919364016,12:57:26,7.093733700,843.586981846,12:57:25,5931.221175997,625.266670944,12:57:25,4396.221135649,51.833294269,12:57:20
2026-09-18,0.738800000,06:53:00,19:01:00,12.133333333,0.916687312,12:57:04,7.060334434,840.423476638,12:57:03,5894.393924298,620.904864540,12:57:03,4354.778231271,51.446508170,12:56:59
2026-09-19,0.736400000,06:54:00,19:00:00,12.100000000,0.913964481,12:56:43,7.026627168,837.201439570,12:56:42,5857.187362082,616.515140100,12:56:42,4313.232773437,51.059107605,12:56:37
2026-09-20,0.734000000,06:54:00,18:59:00,12.083333333,0.911196123,12:56:21,6.992635294,833.921447739,12:56:20,5819.611323315,612.098342640,12:56:20,4271.594711313,50.671186353,12:56:16
2026-09-21,0.731600000,06:54:00,18:58:00,12.066666667,0.908382875,12:56:00,6.958347677,830.584125415,12:55:59,5781.674538550,607.655346154,12:55:59,4229.873092403,50.282837341,12:55:54
2026-09-22,0.729200000,06:55:00,18:56:00,12.016666667,0.905525408,12:55:39,6.923790690,827.190142150,12:55:37,5743.387486684,603.187051656,12:55:37,4188.078155290,49.894152519,12:55:33
2026-09-23,0.726800000,06:55:00,18:55:00,12.000000000,0.902624428,12:55:17,6.888969367,823.740210073,12:55:16,5704.759979705,598.694384681,12:55:16,4146.219553250,49.505222656,12:55:12
2026-09-24,0.724400000,06:56:00,18:53:00,11.950000000,0.899680670,12:54:56,6.853827521,820.235080265,12:54:55,5665.800521227,594.178292144,12:54:55,4104.305897577,49.116137054,12:54:51
2026-09-25,0.722000000,06:57:00,18:52:00,11.916666667,0.896694897,12:54:35,6.818468007,816.675539282,12:54:34,5626.522308759,589.639739361,12:54:34,4062.349106924,48.726983329,12:54:30
2026-09-26,0.719600000,06:58:00,18:50:00,11.866666667,0.893667897,12:54:14,6.782738236,813.062407614,12:54:13,5586.931517815,585.079708519,12:54:13,4020.355920220,48.337847380,12:54:09
2026-09-27,0.717200000,06:59:00,18:48:00,11.816666667,0.890600488,12:53:54,6.746698546,809.396542042,12:53:52,5547.040320021,580.499199953,12:53:52,3978.337317519,47.948813719,12:53:48
2026-09-28,0.714800000,07:00:00,18:47:00,11.783333333,0.887493517,12:53:33,6.710585306,805.678843839,12:53:32,5506.866409011,575.899237576,12:53:32,3936.308109161,47.559966345,12:53:28
2026-09-29,0.712400000,07:01:00,18:45:00,11.733333333,0.884347878,12:53:13,6.674015466,801.910272630,12:53:12,5466.410173009,571.280878222,12:53:12,3894.270607252,47.171390059,12:53:07
2026-09-30,0.710000000,07:02:00,18:43:00,11.683333333,0.881164520,12:52:53,6.637165339,798.091862947,12:52:52,5425.688129459,566.645222692,12:52:52,3852.238571916,46.783171923,12:52:48
2026-10-01,0.707600000,07:03:00,18:42:00,11.650000000,0.877944457,12:52:33,6.600390186,794.224739186,12:52:32,5384.723157217,561.993425448,12:52:32,3810.230106047,46.395402500,12:52:28
2026-10-02,0.705200000,07:04:00,18:40:00,11.600000000,0.874688778,12:52:14,6.563073576,790.310124780,12:52:13,5343.510797543,557.326699995,12:52:13,3768.243814427,46.008176491,12:52:09
2026-10-03,0.702800000,07:05:00,18:38:00,11.550000000,0.871398646,12:51:55,6.525510480,786.349343754,12:51:54,5302.073073958,552.646318791,12:51:54,3726.296956377,45.621592652,12:51:49
2026-10-04,0.700400000,07:06:00,18:37:00,11.516666667,0.868075294,12:51:36,6.488178250,782.343815852,12:51:35,5260.438976810,547.953608623,12:51:35,3684.411459358,45.235753204,12:51:31
2026-10-05,0.698000000,07:07:00,18:35:00,11.466666667,0.864720020,12:51:18,6.450221947,778.295047733,12:51:17,5218.598787483,543.249943317,12:51:17,3642.581953663,44.850762932,12:51:13
2026-10-06,0.695600000,07:08:00,18:34:00,11.433333333,0.861334178,12:51:00,6.412582835,774.204622995,12:50:59,5176.595156538,538.536735756,12:50:59,3600.839590888,44.466728248,12:50:55
2026-10-07,0.693200000,07:09:00,18:32:00,11.383333333,0.857919171,12:50:43,6.374286645,770.074193398,12:50:41,5134.417085947,533.815430864,12:50:41,3559.177923978,44.083756433,12:50:37
2026-10-08,0.690800000,07:10:00,18:30:00,11.333333333,0.854476448,12:50:26,6.335809264,765.905472723,12:50:24,5092.093784862,529.087500557,12:50:24,3517.618386583,43.701955147,12:50:20
2026-10-09,0.688400000,07:11:00,18:29:00,11.300000000,0.851007499,12:50:09,6.297816135,761.700233687,12:50:08,5049.662096303,524.354440870,12:50:08,3476.187387095,43.321432214,12:50:04
2026-10-10,0.686000000,07:12:00,18:27:00,11.250000000,0.847513857,12:49:53,6.259082157,757.460307345,12:49:52,5007.103545773,519.617770838,12:49:52,3434.873032400,42.942295638,12:49:47
2026-10-11,0.683600000,07:13:00,18:26:00,11.216666667,0.843997098,12:49:37,6.220925511,753.187583794,12:49:36,4964.473467736,514.879032281,12:49:36,3393.714062544,42.564653720,12:49:32
2026-10-12,0.681200000,07:14:00,18:24:00,11.166666667,0.840458837,12:49:22,6.181992678,748.884012406,12:49:21,4921.751386367,510.139789251,12:49:21,3352.697044393,42.188615136,12:49:16
2026-10-13,0.678800000,07:15:00,18:23:00,11.133333333,0.836900732,12:49:07,6.143733041,744.551600669,12:49:06,4878.996035532,505.401626534,12:49:06,3311.862508919,41.814288901,12:49:02
2026-10-14,0.676400000,07:16:00,18:21:00,11.083333333,0.833324481,12:48:53,6.104660473,740.192411617,12:48:52,4836.184587993,500.666147218,12:48:52,3271.195255319,41.441784237,12:48:48
2026-10-15,0.674000000,07:18:00,18:20:00,11.033333333,0.829731817,12:48:39,6.065525330,735.808560576,12:48:38,4793.355480822,495.934969828,12:48:38,3230.721594074,41.071210394,12:48:34
2026-10-16,0.671483871,07:19:00,18:18:00,10.983333333,0.826124507,12:48:26,6.026341885,731.402211867,12:48:25,4750.530268363,491.124788459,12:48:25,3189.904453750,40.702676481,12:48:21
2026-10-17,0.668967742,07:20:00,18:17:00,10.950000000,0.822504349,12:48:14,5.988032096,726.975575951,12:48:12,4707.751938312,486.323209486,12:48:12,3149.334183765,40.336291339,12:48:08
2026-10-18,0.666451613,07:21:00,18:15:00,10.900000000,0.818873172,12:48:02,5.948830705,722.530906931,12:48:01,4664.991230646,481.531888297,12:48:01,3108.990929844,39.972163464,12:47:57
2026-10-19,0.663935484,07:22:00,18:14:00,10.866666667,0.815232830,12:47:50,5.910606863,718.070500081,12:47:49,4622.318877935,476.752484925,12:47:49,3068.921520828,39.610400919,12:47:45
2026-10-20,0.661419355,07:23:00,18:12:00,10.816666667,0.811585204,12:47:40,5.871448208,713.596688662,12:47:38,4579.701274724,471.986661430,12:47:38,3029.103062482,39.251111217,12:47:35
2026-10-21,0.658903226,07:24:00,18:11:00,10.783333333,0.807932196,12:47:30,5.833373563,709.111839434,12:47:28,4537.214269397,467.236078461,12:47:28,2989.585118281,38.894401105,12:47:25
2026-10-22,0.656387097,07:25:00,18:09:00,10.733333333,0.804275724,12:47:20,5.794317986,704.618346551,12:47:19,4494.818845891,462.502390826,12:47:19,2950.341092781,38.540376246,12:47:15
2026-10-23,0.653870968,07:26:00,18:08:00,10.700000000,0.800617718,12:47:11,5.756455281,700.118624155,12:47:10,4452.596760982,457.787242311,12:47:10,2911.423753068,38.189140830,12:47:06
2026-10-24,0.651354839,07:27:00,18:06:00,10.650000000,0.796960113,12:47:03,5.717562067,695.615099594,12:47:02,4410.502194352,453.092261000,12:47:02,2872.801945431,37.840797237,12:46:58
2026-10-25,0.648838710,07:29:00,18:05:00,10.600000000,0.793304847,12:46:56,5.678789737,691.110210575,12:46:55,4368.589766285,448.419057275,12:46:55,2834.510147066,37.495446005,12:46:51
2026-10-26,0.646322581,07:30:00,18:04:00,10.566666667,0.789653868,12:46:49,5.641340170,686.606410674,12:46:48,4326.911655770,443.769227234,12:46:48,2796.580707581,37.153186375,12:46:44
2026-10-27,0.643806452,07:31:00,18:02:00,10.516666667,0.786009142,12:46:43,5.602811116,682.106185626,12:46:42,4285.417234876,439.144362991,12:46:42,2758.979263666,36.814117574,12:46:38
2026-10-28,0.641290323,07:32:00,18:01:00,10.483333333,0.782372672,12:46:38,5.565726994,677.612077607,12:46:37,4244.200283281,434.546067833,12:46:37,2721.764568762,36.478340581,12:46:33
2026-10-29,0.638774194,07:33:00,18:00:00,10.450000000,0.778746518,12:46:34,5.528855288,673.126708796,12:46:32,4203.243130983,429.975970567,12:46:32,2684.923241282,36.145959775,12:46:29
2026-10-30,0.636258065,07:34:00,17:59:00,10.416666667,0.775132807,12:46:30,5.492212574,668.652794333,12:46:29,4162.566670559,425.435732756,12:46:29,2648.466613230,35.817083800,12:46:25
2026-10-31,0.633741935,07:35:00,17:57:00,10.366666667,0.771533727,12:46:27,5.454434681,664.193140089,12:46:26,4122.153418055,420.927046135,12:46:26,2612.381485520,35.491825361,12:46:23
2026-11-01,0.631225806,07:37:00,17:56:00,10.316666667,0.767951519,12:46:25,5.416877029,659.750628269,12:46:24,4082.063470744,416.451622386,12:46:24,2576.703806307,35.170300219,12:46:21
2026-11-02,0.628709677,07:38:00,17:55:00,10.283333333,0.764388463,12:46:24,5.380985051,655.328198354,12:46:23,4042.360609959,412.011180191,12:46:23,2541.471235100,34.852625930,12:46:20
2026-11-03,0.626193548,07:39:00,17:54:00,10.250000000,0.760846865,12:46:24,5.345390096,650.928829700,12:46:23,4003.025772589,407.607433617,12:46:23,2506.668912822,34.538920738,12:46:19
2026-11-04,0.623677419,07:40:00,17:53:00,10.216666667,0.757329046,12:46:24,5.310109244,646.555528912,12:46:23,3964.081090136,403.242083741,12:46:23,2472.307864409,34.229302829,12:46:20
2026-11-05,0.621161290,07:41:00,17:51:00,10.166666667,0.753837337,12:46:26,5.273620671,642.211322158,12:46:24,3925.504020757,398.916813532,12:46:24,2438.371142700,33.923889949,12:46:21
2026-11-06,0.618645161,07:42:00,17:50:00,10.133333333,0.750374075,12:46:28,5.238996082,637.899251197,12:46:27,3887.405805277,394.633285144,12:46:27,2404.924791407,33.622799268,12:46:23
2026-11-07,0.616129032,07:44:00,17:49:00,10.083333333,0.746941604,12:46:31,5.203152858,633.622371615,12:46:30,3849.717657075,390.393138640,12:46:30,2371.922814521,33.326147395,12:46:27
2026-11-08,0.613612903,07:45:00,17:48:00,10.050000000,0.743542272,12:46:35,5.169253910,629.383751975,12:46:34,3812.553494211,386.197991293,12:46:34,2339.432018287,33.034050456,12:46:31
2026-11-09,0.611096774,07:46:00,17:47:00,10.016666667,0.740178431,12:46:39,5.135750968,625.186472879,12:46:38,3775.888246270,382.049436846,12:46:38,2307.433127011,32.746624159,12:46:35
2026-11-10,0.608580645,07:47:00,17:46:00,9.983333333,0.736852437,12:46:45,5.102659895,621.033625084,12:46:44,3739.743286775,377.949044221,12:46:44,2275.935382203,32.463983795,12:46:41
2026-11-11,0.606064516,07:48:00,17:45:00,9.950000000,0.733566645,12:46:52,5.069996314,616.928306156,12:46:50,3704.139812754,373.898355357,12:46:50,2244.947703291,32.186244156,12:46:48
2026-11-12,0.603548387,07:49:00,17:44:00,9.916666667,0.730323407,12:46:59,5.037775580,612.873615745,12:46:58,3669.098807168,369.898882277,12:46:58,2214.478667165,31.913519355,12:46:55
2026-11-13,0.601032258,07:51:00,17:43:00,9.866666667,0.727125068,12:47:07,5.004276558,608.872649975,12:47:06,3634.591505942,365.952103688,12:47:06,2184.506739958,31.645922606,12:47:03
2026-11-14,0.598516129,07:52:00,17:43:00,9.850000000,0.723973962,12:47:16,4.974756345,604.928495583,12:47:15,3600.791379304,362.059461517,12:47:15,2155.131717794,31.383565992,12:47:12
2026-11-15,0.596000000,07:53:00,17:42:00,9.816666667,0.720872405,12:47:26,4.943972639,601.044224276,12:47:25,3567.564513767,358.222357669,12:47:25,2126.268450205,31.126560249,12:47:22
2026-11-16,0.594433333,07:54:00,17:41:00,9.783333333,0.717822695,12:47:36,4.913691405,597.222887418,12:47:35,3534.981409461,355.009191711,12:47:35,2101.310782497,30.875014581,12:47:33
2026-11-17,0.592866667,07:55:00,17:40:00,9.750000000,0.714827104,12:47:48,4.883926154,593.467510584,12:47:47,3503.061362419,351.847104775,12:47:47,2076.848313066,30.629036466,12:47:44
2026-11-18,0.591300000,07:56:00,17:39:00,9.716666667,0.711887879,12:48:00,4.854689943,589.781087446,12:47:59,3471.823203337,348.737557007,12:47:59,2052.889060133,30.388731422,12:47:57
2026-11-19,0.589733333,07:58:00,17:39:00,9.683333333,0.709007231,12:48:13,4.826023811,586.166572241,12:48:12,3441.289347959,345.681966536,12:48:12,2029.443038136,30.154202698,12:48:10
2026-11-20,0.588166667,07:59:00,17:38:00,9.650000000,0.706187330,12:48:27,4.797910161,582.626870498,12:48:26,3411.474876980,342.681704331,12:48:26,2006.515806811,29.925550860,12:48:24
2026-11-21,0.586600000,08:00:00,17:37:00,9.616666667,0.703430298,12:48:42,4.770362993,579.164828858,12:48:41,3382.395940602,339.738088608,12:48:41,1984.113458757,29.702873325,12:48:39
2026-11-22,0.585033333,08:01:00,17:37:00,9.600000000,0.700738203,12:48:58,4.745362503,575.783226784,12:48:57,3354.129147500,336.852380443,12:48:57,1962.277355593,29.486264022,12:48:55
2026-11-23,0.583466667,08:02:00,17:36:00,9.566666667,0.698113060,12:49:14,4.719023870,572.484775544,12:49:13,3326.575579335,334.025783704,12:49:13,1940.945964689,29.275813490,12:49:11
2026-11-24,0.581900000,08:03:00,17:36:00,9.550000000,0.695556835,12:49:31,4.695283779,569.272129933,12:49:30,3299.865307955,331.259452408,12:49:30,1920.191622699,29.071609733,12:49:28
2026-11-25,0.580333333,08:04:00,17:35:00,9.516666667,0.693071468,12:49:49,4.670197521,566.147913379,12:49:48,3273.899880010,328.554505731,12:49:48,1899.953230366,28.873739850,12:49:46
2026-11-26,0.578766667,08:06:00,17:35:00,9.483333333,0.690658897,12:50:08,4.645745660,563.114747148,12:50:07,3248.750115775,325.912045158,12:50:07,1880.268275340,28.682291876,12:50:05
2026-11-27,0.577200000,08:07:00,17:34:00,9.450000000,0.688321065,12:50:27,4.621941049,560.175267905,12:50:26,3224.434221829,323.333164635,12:50:26,1861.143432840,28.497355889,12:50:24
2026-11-28,0.575633333,08:08:00,17:34:00,9.433333333,0.686059923,12:50:47,4.600852720,557.332122240,12:50:46,3201.025858200,320.818947299,12:50:46,1842.617184842,28.319023746,12:50:45
2026-11-29,0.574066667,08:09:00,17:33:00,9.400000000,0.683877405,12:51:08,4.578382103,554.587941156,12:51:07,3178.419427846,318.370450753,12:51:07,1824.624646212,28.147387643,12:51:06
2026-11-30,0.572500000,08:10:00,17:33:00,9.383333333,0.681775411,12:51:30,4.558694192,551.945308267,12:51:29,3156.754532168,315.988688983,12:51:29,1807.241969666,27.982538331,12:51:27
2026-12-01,0.570933333,08:11:00,17:33:00,9.366666667,0.679755779,12:51:52,4.539721186,549.406734009,12:51:51,3135.981809378,313.674618004,12:51:51,1790.436547701,27.824563719,12:51:50
2026-12-02,0.569366667,08:12:00,17:33:00,9.350000000,0.677820284,12:52:15,4.521474297,546.974640250,12:52:14,3116.115506387,311.429127671,12:52:14,1774.212298820,27.673548106,12:52:13
2026-12-03,0.567800000,08:13:00,17:32:00,9.316666667,0.675970626,12:52:38,4.501837347,544.651353748,12:52:38,3097.107917723,309.253038658,12:52:38,1758.537875683,27.529571934,12:52:36
2026-12-04,0.566233333,08:14:00,17:32:00,9.300000000,0.674208429,12:53:03,4.485070891,542.439104213,12:53:02,3079.095910614,307.147102109,12:53:02,1743.486741120,27.392711805,12:53:01
2026-12-05,0.564666667,08:15:00,17:32:00,9.283333333,0.672535247,12:53:27,4.469058438,540.340024078,12:53:27,3062.028177402,305.112000263,12:53:27,1729.025244173,27.263040599,12:53:25
2026-12-06,0.563100000,08:16:00,17:32:00,9.266666667,0.670952559,12:53:53,4.453808447,538.356148517,12:53:52,3045.916102606,303.148347230,12:53:52,1715.155357378,27.140627591,12:53:51
2026-12-07,0.561533333,08:17:00,17:32:00,9.250000000,0.669461769,12:54:19,4.439328715,536.489414811,12:54:18,3030.770392413,301.256689397,12:54:18,1701.878601019,27.025538530,12:54:17
2026-12-08,0.559966667,08:18:00,17:32:00,9.233333333,0.668064209,12:54:45,4.425626374,534.741661534,12:54:45,3016.601082722,299.437505737,12:54:45,1689.196052955,26.917835693,12:54:43
2026-12-09,0.558400000,08:18:00,17:32:00,9.233333333,0.666761135,12:55:12,4.414906213,533.114626864,12:55:11,3003.482980136,297.691207641,12:55:11,1677.144896108,26.817577894,12:55:10
2026-12-10,0.556833333,08:19:00,17:32:00,9.216666667,0.665553726,12:55:39,4.402794213,531.609946111,12:55:39,2991.296040597,296.018138326,12:55:39,1665.653345273,26.724820433,12:55:38
2026-12-11,0.555266667,08:20:00,17:32:00,9.200000000,0.664443083,12:56:07,4.391477698,530.229148247,12:56:07,2980.111928892,294.418571716,12:56:07,1654.756817049,26.639614988,12:56:06
2026-12-12,0.553700000,08:21:00,17:32:00,9.183333333,0.663430226,12:56:35,4.380961159,528.973651597,12:56:35,2969.937976088,292.892710889,12:56:35,1644.454657360,26.562009451,12:56:34
2026-12-13,0.552133333,08:22:00,17:32:00,9.166666667,0.662516087,12:57:04,4.371248377,527.844759326,12:57:03,2960.780774553,291.440686449,12:57:03,1634.745758323,26.492047754,12:57:03
2026-12-14,0.550566667,08:22:00,17:33:00,9.183333333,0.661701514,12:57:32,4.366815012,526.843654843,12:57:32,2952.779830129,290.062554901,12:57:32,1625.702148475,26.429769675,12:57:31
2026-12-15,0.549000000,08:23:00,17:33:00,9.166666667,0.660987261,12:58:01,4.358757853,525.971397856,12:58:01,2945.680071612,288.758297423,12:58:01,1617.178359315,26.375210691,12:58:01
2026-12-16,0.548967742,08:24:00,17:33:00,9.150000000,0.660373990,12:58:31,4.351513671,525.228920366,12:58:30,2939.613259980,288.333734413,12:58:30,1613.752853495,26.328401801,12:58:30
2026-12-17,0.548935484,08:25:00,17:33:00,9.133333333,0.659862266,12:59:00,4.345083298,524.617022844,12:59:00,2934.582844867,287.980899282,12:59:00,1610.896653906,26.289369379,12:59:00
2026-12-18,0.548903226,08:25:00,17:34:00,9.150000000,0.659452555,12:59:30,4.343999544,524.136369488,12:59:30,2930.732830762,287.700143974,12:59:30,1608.688704782,26.258134940,12:59:29
2026-12-19,0.548870968,08:26:00,17:34:00,9.133333333,0.659145219,13:00:00,4.339245000,523.787483448,13:00:00,2927.792969357,287.491742931,13:00:00,1606.980560439,26.234714922,12:59:59
2026-12-20,0.548838710,08:26:00,17:35:00,9.150000000,0.658940516,13:00:30,4.339825209,523.570742816,13:00:29,2926.033062059,287.355890912,13:00:29,1605.920210254,26.219120485,13:00:29
2026-12-21,0.548806452,08:27:00,17:35:00,9.133333333,0.658838597,13:00:59,4.336749591,523.486381682,13:00:59,2925.190986395,287.292703598,13:00:59,1605.363685533,26.211357601,13:00:59
2026-12-22,0.548774194,08:27:00,17:36:00,9.150000000,0.658839516,13:01:29,4.339003243,523.534500516,13:01:30,2925.528417903,287.302223316,13:01:30,1605.454498237,26.211427664,13:01:30
2026-12-23,0.548741935,08:28:00,17:36:00,9.133333333,0.658943251,13:02:00,4.337603664,523.715089860,13:02:00,2926.785040015,287.384432052,13:02:00,1606.049687603,26.219328848,13:02:00
2026-12-24,0.548709677,08:28:00,17:37:00,9.150000000,0.659149721,13:02:30,4.341535062,524.028061347,13:02:30,2929.221653220,287.539268500,13:02:30,1607.292268428,26.235057880,13:02:30
2026-12-25,0.548677419,08:29:00,17:37:00,9.133333333,0.659458806,13:02:59,4.341804618,524.473271322,13:03:00,2932.574054572,287.766641030,13:03:00,1609.037164330,26.258611385,13:03:00
2026-12-26,0.548645161,08:29:00,17:38:00,9.150000000,0.659870351,13:03:29,4.347415151,525.050519915,13:03:29,2937.109321976,288.066427184,13:03:29,1611.430817683,26.289985834,13:03:30
2026-12-27,0.548612903,08:29:00,17:39:00,9.166666667,0.660384137,13:03:59,4.353842811,525.759524196,13:03:59,2942.688706446,288.438458968,13:03:59,1614.396994533,26.329176013,13:04:00
2026-12-28,0.548580645,08:30:00,17:39:00,9.150000000,0.660999862,13:04:29,4.356632377,526.599880029,13:04:29,2949.183385465,288.882501928,13:04:29,1617.864924298,26.376172835,13:04:29
2026-12-29,0.548548387,08:30:00,17:40:00,9.166666667,0.661717112,13:04:58,4.364736853,527.571032834,13:04:58,2956.855207624,289.398239140,13:04:58,1621.978155021,26.430961663,13:04:59
2026-12-30,0.548516129,08:30:00,17:41:00,9.183333333,0.662535355,13:05:27,4.373657351,528.672265424,13:05:28,2965.565566966,289.985264557,13:05:28,1626.660545183,26.493521574,13:05:28
2026-12-31,0.548483871,08:30:00,17:42:00,9.200000000,0.663453941,13:05:56,4.383392432,529.902700482,13:05:57,2975.310912032,290.643084396,13:05:57,1631.910046364,26.563825467,13:05:58
